#
# A fatal error has been detected by the Java Runtime Environment:
#
#  SIGSEGV (0xb) at pc=0x000072c100c0571b, pid=19168, tid=19183
#
# JRE version: OpenJDK Runtime Environment (17.0.19+10) (build 17.0.19+10-1-22.04.2-Ubuntu)
# Java VM: OpenJDK 64-Bit Server VM (17.0.19+10-1-22.04.2-Ubuntu, mixed mode, sharing, tiered, compressed oops, compressed class ptrs, g1 gc, linux-amd64)
# Problematic frame:
# V  [libjvm.so+0x80571b]  PhaseIFG::remove_node(unsigned int)+0x12b
#
# Core dump will be written. Default location: Core dumps may be processed with "/usr/share/apport/apport -p%p -s%s -c%c -d%d -P%P -u%u -g%g -F%F -- %E" (or dumping to /home/indra/indra_rahdian/android-project/rantau/core.19168)
#
# If you would like to submit a bug report, please visit:
#   https://bugs.launchpad.net/ubuntu/+source/openjdk-17
#

---------------  S U M M A R Y ------------

Command Line: --add-opens=java.base/java.lang=ALL-UNNAMED --add-opens=java.base/java.lang.invoke=ALL-UNNAMED --add-opens=java.base/java.util=ALL-UNNAMED --add-opens=java.prefs/java.util.prefs=ALL-UNNAMED --add-exports=jdk.compiler/com.sun.tools.javac.api=ALL-UNNAMED --add-exports=jdk.compiler/com.sun.tools.javac.util=ALL-UNNAMED --add-opens=java.base/java.util=ALL-UNNAMED --add-opens=java.prefs/java.util.prefs=ALL-UNNAMED --add-opens=java.base/java.nio.charset=ALL-UNNAMED --add-opens=java.base/java.net=ALL-UNNAMED --add-opens=java.base/java.util.concurrent.atomic=ALL-UNNAMED --add-opens=java.xml/javax.xml.namespace=ALL-UNNAMED -Xmx1024m -Dfile.encoding=UTF-8 -Duser.country=US -Duser.language=en -Duser.variant -javaagent:/home/indra/.gradle/wrapper/dists/gradle-8.13-bin/5xuhj0ry160q40clulazy9h7d/gradle-8.13/lib/agents/gradle-instrumentation-agent-8.13.jar org.gradle.launcher.daemon.bootstrap.GradleDaemon 8.13

Host: Intel(R) Celeron(R) CPU B815 @ 1.60GHz, 2 cores, 7G, Ubuntu 22.04.5 LTS
Time: Sat Jul 25 21:56:36 2026 WIB elapsed time: 215.715978 seconds (0d 0h 3m 35s)

---------------  T H R E A D  ---------------

Current thread (0x000072c0f80f2e80):  JavaThread "C2 CompilerThread0" daemon [_thread_in_native, id=19183, stack(0x000072c0fc000000,0x000072c0fc100000)]


Current CompileTask:
C2:215716 10843       4       java.lang.reflect.Method::getAnnotation (6 bytes)

Stack: [0x000072c0fc000000,0x000072c0fc100000],  sp=0x000072c0fc0fb460,  free space=1005k
Native frames: (J=compiled Java code, j=interpreted, Vv=VM code, C=native code)
V  [libjvm.so+0x80571b]  PhaseIFG::remove_node(unsigned int)+0x12b
V  [libjvm.so+0x541f26]  PhaseChaitin::Simplify()+0x366
V  [libjvm.so+0x545c1c]  PhaseChaitin::Register_Allocate()+0x95c
V  [libjvm.so+0x5d66ce]  Compile::Code_Gen()+0x33e
V  [libjvm.so+0x5dc134]  Compile::Compile(ciEnv*, ciMethod*, int, bool, bool, bool, bool, bool, DirectiveSet*)+0x1354
V  [libjvm.so+0x519b9b]  C2Compiler::compile_method(ciEnv*, ciMethod*, int, bool, DirectiveSet*)+0xfb
V  [libjvm.so+0x5e4c5b]  CompileBroker::invoke_compiler_on_method(CompileTask*)+0xebb
V  [libjvm.so+0x5e5bb8]  CompileBroker::compiler_thread_loop()+0x708
V  [libjvm.so+0xebeb7d]  JavaThread::thread_main_inner()+0x1ed
V  [libjvm.so+0xec24de]  Thread::call_run()+0xae
V  [libjvm.so+0xc48fdb]  thread_native_entry(Thread*)+0xeb


siginfo: si_signo: 11 (SIGSEGV), si_code: 2 (SEGV_ACCERR), si_addr: 0x000072c10134daf8

Registers:
RAX=0x000072c06155ee80, RBX=0x7fffffffffffffff, RCX=0x0000000000003f77, RDX=0x0000000000000000
RSP=0x000072c0fc0fb460, RBP=0x000072c0fc0fb4e0, RSI=0x8000000000000000, RDI=0x9875ffa075ffa875
R8 =0x0000000000000002, R9 =0x000072c10134daf8, R10=0x1875ffa075ffa875, R11=0x000072c1019e2f60
R12=0x0000000000000048, R13=0x000072c0fc0fb690, R14=0x0000000000000018, R15=0x000072c061c430d8
RIP=0x000072c100c0571b, EFLAGS=0x0000000000010202, CSGSFS=0x002b000000000033, ERR=0x0000000000000007
  TRAPNO=0x000000000000000e

XMM[0]=0x0000000000000000 0x0000000000000000
XMM[1]=0x0000000000000000 0x3f8eb851de800000
XMM[2]=0x0000000000000000 0x0000000000300000
XMM[3]=0x0000000000000000 0x0000000000000000
XMM[4]=0x0000000000000000 0x0000000000000000
XMM[5]=0x0000000000000000 0x0000000000000000
XMM[6]=0x0000000000000000 0x0000000000000000
XMM[7]=0x0000000000000000 0x0000000000000000
XMM[8]=0x0000000000000000 0x3fc278ad15de885a
XMM[9]=0x0000000000000000 0x4008000000000000
XMM[10]=0x0000000000000000 0x46293e5939a08cea
XMM[11]=0x0000000000000000 0x4376345785d8a000
XMM[12]=0x000072c060dc9110 0x000072c060dc90b0
XMM[13]=0x0000000000000000 0x000072c060dc9590
XMM[14]=0x0000000000000000 0x000072c060dc9650
XMM[15]=0x0000000000000000 0x000072c060dc9710
  MXCSR=0x00001fa0


Register to memory mapping:

RAX=0x000072c06155ee80 points into unknown readable memory: 0x0000002c00000002 | 02 00 00 00 2c 00 00 00
RBX=0x7fffffffffffffff is an unknown value
RCX=0x0000000000003f77 is an unknown value
RDX=0x0 is NULL
RSP=0x000072c0fc0fb460 is pointing into the stack for thread: 0x000072c0f80f2e80
RBP=0x000072c0fc0fb4e0 is pointing into the stack for thread: 0x000072c0f80f2e80
RSI=0x8000000000000000 is an unknown value
RDI=0x9875ffa075ffa875 is an unknown value
R8 =0x0000000000000002 is an unknown value
R9 =0x000072c10134daf8: <offset 0x0000000000f4daf8> in /usr/lib/jvm/java-17-openjdk-amd64/lib/server/libjvm.so at 0x000072c100400000
R10=0x1875ffa075ffa875 is an unknown value
R11=0x000072c1019e2f60: <offset 0x00000000001e2f60> in /lib/x86_64-linux-gnu/libc.so.6 at 0x000072c101800000
R12=0x0000000000000048 is an unknown value
R13=0x000072c0fc0fb690 is pointing into the stack for thread: 0x000072c0f80f2e80
R14=0x0000000000000018 is an unknown value
R15=0x000072c061c430d8 points into unknown readable memory: 0x3e721c32290d2a5f | 5f 2a 0d 29 32 1c 72 3e


Top of Stack: (sp=0x000072c0fc0fb460)
0x000072c0fc0fb460:   000072c060920d48 0000000000063f60
0x000072c0fc0fb470:   000072c0fc0fb480 8000000000000000
0x000072c0fc0fb480:   0000000000000000 0000000200003f77
0x000072c0fc0fb490:   0000004500000040 000072c0c5d16900
0x000072c0fc0fb4a0:   000072c0619c5470 000072c061348380
0x000072c0fc0fb4b0:   0000000000000000 000072c0fc0fb9b0
0x000072c0fc0fb4c0:   000072c0fc0fb520 000072c0fc0fb4f0
0x000072c0fc0fb4d0:   00000000000009ff 000072c0fc0fb730
0x000072c0fc0fb4e0:   000072c0fc0fb5a0 000072c100941f26
0x000072c0fc0fb4f0:   0000000000000000 00000004000009ff
0x000072c0fc0fb500:   000000450000000a 000072c064368560
0x000072c0fc0fb510:   000072c0619c5698 000072c061348420
0x000072c0fc0fb520:   000072c0fc0f0000 0000000000000000
0x000072c0fc0fb530:   0000000000000000 0000000000000000
0x000072c0fc0fb540:   000072c101700f98 000072c1013e7268
0x000072c0fc0fb550:   0000000000000000 0000000000000000
0x000072c0fc0fb560:   0000000000000000 000072c1013e7268
0x000072c0fc0fb570:   0000000000000000 000072c1013e7258
0x000072c0fc0fb580:   000072c0fc0fb9b0 000072c0fc0fb660
0x000072c0fc0fb590:   000072c0fc0fb7a0 000072c0fc0fb660
0x000072c0fc0fb5a0:   000072c0fc0fb890 000072c100945c1c
0x000072c0fc0fb5b0:   0000000000000000 000072c101767fb0
0x000072c0fc0fb5c0:   000072c101767ef0 000072c0640f5320
0x000072c0fc0fb5d0:   000072c0fc0fb630 000072c0fc0fb690
0x000072c0fc0fb5e0:   000072c0fc0fb6d0 000072c0640f5330
0x000072c0fc0fb5f0:   000072c0640f5320 000072c0640f5330
0x000072c0fc0fb600:   000072c0fc0fb660 000072c0640f5320
0x000072c0fc0fb610:   000072c0640f5330 000072c0640f5708
0x000072c0fc0fb620:   00000000000003d8 000000000000a680
0x000072c0fc0fb630:   0000000000000006 000072c0643ee9f0
0x000072c0fc0fb640:   000072c0643ee9f0 000072c0643eea00
0x000072c0fc0fb650:   000072c0643eedd8 00000000000003d8 

Instructions: (pc=0x000072c100c0571b)
0x000072c100c0561b:   01 00 00 49 8b 54 24 08 44 89 f1 b8 01 00 00 00
0x000072c100c0562b:   d3 e0 09 04 9a 44 89 f2 48 8d 1c 92 48 c1 e3 05
0x000072c100c0563b:   48 89 d8 49 03 45 10 48 89 5d 88 8b 08 85 c9 0f
0x000072c100c0564b:   84 59 01 00 00 48 8b 0d 91 c8 7c 00 49 8b 75 20
0x000072c100c0565b:   48 c7 45 a0 00 00 00 00 c7 45 b0 00 00 00 00 48
0x000072c100c0566b:   89 4d a8 8b 08 85 c9 0f 85 58 01 00 00 48 8d 3c
0x000072c100c0567b:   92 89 4d b4 44 89 f1 48 8d 14 ba 48 c7 45 b8 00
0x000072c100c0568b:   00 00 00 4c 8d 3c d6 48 8b 50 08 be 01 00 00 00
0x000072c100c0569b:   48 89 45 c8 48 d3 e6 31 c0 48 89 55 c0 44 89 f2
0x000072c100c056ab:   41 c1 ee 06 48 89 f3 c1 ea 08 41 83 e6 03 48 f7
0x000072c100c056bb:   d3 4c 8d 24 d5 00 00 00 00 48 8d 55 a0 49 c1 e6
0x000072c100c056cb:   03 48 89 55 90 e9 9a 00 00 00 0f 1f 00 31 c9 f3
0x000072c100c056db:   48 0f bc c8 48 d3 e8 03 4d a8 48 83 e8 01 89 4d
0x000072c100c056eb:   a8 48 89 45 a0 49 8b 45 10 85 c9 0f 84 a9 00 00
0x000072c100c056fb:   00 48 8d 3c 89 48 c1 e7 05 48 01 f8 48 8b 78 08
0x000072c100c0570b:   4e 8b 0c 27 4d 01 f1 49 8b 39 49 89 fa 49 21 da
0x000072c100c0571b:   4d 89 11 48 85 fe 74 03 83 28 01 48 8d 04 89 41
0x000072c100c0572b:   0f b7 bf 9c 00 00 00 48 8d 0c 81 49 8b 45 20 48
0x000072c100c0573b:   8d 04 c8 0f b7 88 9c 00 00 00 41 f6 87 a7 00 00
0x000072c100c0574b:   00 02 75 12 39 cf 41 89 c9 44 0f 4d cf f6 80 a7
0x000072c100c0575b:   00 00 00 02 74 06 0f af f9 41 89 f9 44 29 48 34
0x000072c100c0576b:   48 8b 45 a0 48 85 c0 0f 85 60 ff ff ff 83 7d ac
0x000072c100c0577b:   03 76 08 8b 45 b4 39 45 b0 73 3a 48 8b 7d 90 48
0x000072c100c0578b:   89 75 98 e8 ad 9d 00 00 48 8b 75 98 89 c1 49 8b
0x000072c100c0579b:   45 10 85 c9 0f 85 57 ff ff ff 48 03 45 88 48 83
0x000072c100c057ab:   c4 58 5b 41 5c 41 5d 41 5e 41 5f 5d c3 0f 1f 84
0x000072c100c057bb:   00 00 00 00 00 49 8b 45 10 48 03 45 88 eb df 66
0x000072c100c057cb:   0f 1f 44 00 00 8b 48 04 e9 a0 fe ff ff 0f 1f 84
0x000072c100c057db:   00 00 00 00 00 89 de 4c 89 e7 e8 06 0e 71 00 e9
0x000072c100c057eb:   2f fe ff ff 90 f3 0f 1e fa 55 89 f0 c1 e8 05 48
0x000072c100c057fb:   89 e5 41 57 49 89 ff 41 56 41 55 41 89 f5 41 54
0x000072c100c0580b:   53 48 83 ec 48 48 8b 57 38 3b 02 73 10 48 8b 7a 


Stack slot to memory mapping:
stack at sp + 0 slots: 0x000072c060920d48 points into unknown readable memory: 0x000072c1016db7e8 | e8 b7 6d 01 c1 72 00 00
stack at sp + 1 slots: 0x0000000000063f60 is an unknown value
stack at sp + 2 slots: 0x000072c0fc0fb480 is pointing into the stack for thread: 0x000072c0f80f2e80
stack at sp + 3 slots: 0x8000000000000000 is an unknown value
stack at sp + 4 slots: 0x0 is NULL
stack at sp + 5 slots: 0x0000000200003f77 is an unknown value
stack at sp + 6 slots: 0x0000004500000040 is an unknown value
stack at sp + 7 slots: 0x000072c0c5d16900 points into unknown readable memory: 0x0000000000000000 | 00 00 00 00 00 00 00 00


---------------  P R O C E S S  ---------------

Threads class SMR info:
_java_thread_list=0x000072c0c4e71df0, length=43, elements={
0x000072c0f801a930, 0x000072c0f80e8190, 0x000072c0f80e9570, 0x000072c0f80eed10,
0x000072c0f80f00c0, 0x000072c0f80f14d0, 0x000072c0f80f2e80, 0x000072c0f80f43b0,
0x000072c0f80f5820, 0x000072c0f8100b70, 0x000072c0f81c6480, 0x000072c0f92ff700,
0x000072c0f936db00, 0x000072c0f93b3850, 0x000072c068017020, 0x000072c070005450,
0x000072c070007fc0, 0x000072c070009dd0, 0x000072c0c4004b00, 0x000072c0c400c610,
0x000072c0c400def0, 0x000072c0c43ab420, 0x000072c0c43b2c90, 0x000072c0c4409200,
0x000072c0c460bc60, 0x000072c0c46fd7b0, 0x000072c0c47ed540, 0x000072c0c47ef350,
0x000072c0c41a4320, 0x000072c0c41a0060, 0x000072c0c4d5f110, 0x000072c0c4d95fb0,
0x000072c0c50c3a30, 0x000072c0c50e0880, 0x000072c0c4d81ea0, 0x000072c0c4efa190,
0x000072c0c4a6e6d0, 0x000072c0c4a6edf0, 0x000072c0c4fb3500, 0x000072c0c5466430,
0x000072c0c54dfbd0, 0x000072c0c5590400, 0x000072c0c4e70dd0
}

Java Threads: ( => current thread )
  0x000072c0f801a930 JavaThread "main" [_thread_blocked, id=19171, stack(0x000072c0fff00000,0x000072c100000000)]
  0x000072c0f80e8190 JavaThread "Reference Handler" daemon [_thread_blocked, id=19178, stack(0x000072c0fcb0a000,0x000072c0fcc0a000)]
  0x000072c0f80e9570 JavaThread "Finalizer" daemon [_thread_blocked, id=19179, stack(0x000072c0fca0a000,0x000072c0fcb0a000)]
  0x000072c0f80eed10 JavaThread "Signal Dispatcher" daemon [_thread_blocked, id=19180, stack(0x000072c0fc300000,0x000072c0fc400000)]
  0x000072c0f80f00c0 JavaThread "Service Thread" daemon [_thread_blocked, id=19181, stack(0x000072c0fc200000,0x000072c0fc300000)]
  0x000072c0f80f14d0 JavaThread "Monitor Deflation Thread" daemon [_thread_blocked, id=19182, stack(0x000072c0fc100000,0x000072c0fc200000)]
=>0x000072c0f80f2e80 JavaThread "C2 CompilerThread0" daemon [_thread_in_native, id=19183, stack(0x000072c0fc000000,0x000072c0fc100000)]
  0x000072c0f80f43b0 JavaThread "C1 CompilerThread0" daemon [_thread_in_native, id=19184, stack(0x000072c0f7f00000,0x000072c0f8000000)]
  0x000072c0f80f5820 JavaThread "Sweeper thread" daemon [_thread_blocked, id=19185, stack(0x000072c0e1300000,0x000072c0e1400000)]
  0x000072c0f8100b70 JavaThread "Common-Cleaner" daemon [_thread_blocked, id=19186, stack(0x000072c0e1200000,0x000072c0e1300000)]
  0x000072c0f81c6480 JavaThread "Notification Thread" daemon [_thread_blocked, id=19189, stack(0x000072c0e1100000,0x000072c0e1200000)]
  0x000072c0f92ff700 JavaThread "Daemon health stats" [_thread_blocked, id=19192, stack(0x000072c0e0b00000,0x000072c0e0c00000)]
  0x000072c0f936db00 JavaThread "Incoming local TCP Connector on port 33261" [_thread_in_native, id=19193, stack(0x000072c0e0a00000,0x000072c0e0b00000)]
  0x000072c0f93b3850 JavaThread "Daemon periodic checks" [_thread_blocked, id=19194, stack(0x000072c0e0900000,0x000072c0e0a00000)]
  0x000072c068017020 JavaThread "Daemon" [_thread_blocked, id=19195, stack(0x000072c0e0800000,0x000072c0e0900000)]
  0x000072c070005450 JavaThread "Handler for socket connection from /127.0.0.1:33261 to /127.0.0.1:43010" [_thread_in_native, id=19196, stack(0x000072c0e0700000,0x000072c0e0800000)]
  0x000072c070007fc0 JavaThread "Cancel handler" [_thread_blocked, id=19197, stack(0x000072c0e0600000,0x000072c0e0700000)]
  0x000072c070009dd0 JavaThread "Daemon worker" [_thread_in_vm, id=19198, stack(0x000072c0e0500000,0x000072c0e0600000)]
  0x000072c0c4004b00 JavaThread "Asynchronous log dispatcher for DefaultDaemonConnection: socket connection from /127.0.0.1:33261 to /127.0.0.1:43010" [_thread_blocked, id=19199, stack(0x000072c0e0400000,0x000072c0e0500000)]
  0x000072c0c400c610 JavaThread "Stdin handler" [_thread_blocked, id=19200, stack(0x000072c0e0300000,0x000072c0e0400000)]
  0x000072c0c400def0 JavaThread "Daemon client event forwarder" [_thread_blocked, id=19201, stack(0x000072c0e0200000,0x000072c0e0300000)]
  0x000072c0c43ab420 JavaThread "Cache worker for journal cache (/home/indra/.gradle/caches/journal-1)" [_thread_blocked, id=19203, stack(0x000072c0e0100000,0x000072c0e0200000)]
  0x000072c0c43b2c90 JavaThread "File lock request listener" [_thread_in_native, id=19204, stack(0x000072c0e0000000,0x000072c0e0100000)]
  0x000072c0c4409200 JavaThread "Cache worker for file hash cache (/home/indra/.gradle/caches/8.13/fileHashes)" [_thread_blocked, id=19205, stack(0x000072c0d1f00000,0x000072c0d2000000)]
  0x000072c0c460bc60 JavaThread "Cache worker for file hash cache (/home/indra/indra_rahdian/android-project/rantau/.gradle/8.13/fileHashes)" [_thread_blocked, id=19206, stack(0x000072c0d1e00000,0x000072c0d1f00000)]
  0x000072c0c46fd7b0 JavaThread "Cache worker for Build Output Cleanup Cache (/home/indra/indra_rahdian/android-project/rantau/.gradle/buildOutputCleanup)" [_thread_blocked, id=19207, stack(0x000072c0d1d00000,0x000072c0d1e00000)]
  0x000072c0c47ed540 JavaThread "File watcher server" daemon [_thread_in_native, id=19208, stack(0x000072c0d1c00000,0x000072c0d1d00000)]
  0x000072c0c47ef350 JavaThread "File watcher consumer" daemon [_thread_blocked, id=19209, stack(0x000072c0d1b00000,0x000072c0d1c00000)]
  0x000072c0c41a4320 JavaThread "jar transforms" [_thread_blocked, id=19210, stack(0x000072c0d1a00000,0x000072c0d1b00000)]
  0x000072c0c41a0060 JavaThread "jar transforms Thread 2" [_thread_blocked, id=19211, stack(0x000072c0d1900000,0x000072c0d1a00000)]
  0x000072c0c4d5f110 JavaThread "Cache worker for checksums cache (/home/indra/indra_rahdian/android-project/rantau/.gradle/8.13/checksums)" [_thread_blocked, id=19222, stack(0x000072c0d1514000,0x000072c0d1614000)]
  0x000072c0c4d95fb0 JavaThread "Cache worker for file content cache (/home/indra/.gradle/caches/8.13/fileContent)" [_thread_blocked, id=19223, stack(0x000072c0d1414000,0x000072c0d1514000)]
  0x000072c0c50c3a30 JavaThread "Cache worker for cache directory md-supplier (/home/indra/.gradle/caches/8.13/md-supplier)" [_thread_blocked, id=19224, stack(0x000072c0d1800000,0x000072c0d1900000)]
  0x000072c0c50e0880 JavaThread "Cache worker for cache directory md-rule (/home/indra/.gradle/caches/8.13/md-rule)" [_thread_blocked, id=19225, stack(0x000072c0d1700000,0x000072c0d1800000)]
  0x000072c0c4d81ea0 JavaThread "Unconstrained build operations" [_thread_blocked, id=19226, stack(0x000072c0d1314000,0x000072c0d1414000)]
  0x000072c0c4efa190 JavaThread "Unconstrained build operations Thread 2" [_thread_blocked, id=19227, stack(0x000072c0d1214000,0x000072c0d1314000)]
  0x000072c0c4a6e6d0 JavaThread "Unconstrained build operations Thread 3" [_thread_blocked, id=19282, stack(0x000072c0d1114000,0x000072c0d1214000)]
  0x000072c0c4a6edf0 JavaThread "Unconstrained build operations Thread 4" [_thread_blocked, id=19283, stack(0x000072c0d1014000,0x000072c0d1114000)]
  0x000072c0c4fb3500 JavaThread "Problems report writer" [_thread_blocked, id=19284, stack(0x000072c0d0f14000,0x000072c0d1014000)]
  0x000072c0c5466430 JavaThread "Unconstrained build operations Thread 5" [_thread_blocked, id=19285, stack(0x000072c0d0e14000,0x000072c0d0f14000)]
  0x000072c0c54dfbd0 JavaThread "Unconstrained build operations Thread 6" [_thread_blocked, id=19286, stack(0x000072c0d0d14000,0x000072c0d0e14000)]
  0x000072c0c5590400 JavaThread "Unconstrained build operations Thread 7" [_thread_blocked, id=19294, stack(0x000072c0d0c14000,0x000072c0d0d14000)]
  0x000072c0c4e70dd0 JavaThread "Memory manager" [_thread_blocked, id=19299, stack(0x000072c0d0b14000,0x000072c0d0c14000)]

Other Threads:
  0x000072c0f80e4120 VMThread "VM Thread" [stack: 0x000072c0fcc0b000,0x000072c0fcd0b000] [id=19177]
  0x000072c0f801d200 WatcherThread [stack: 0x000072c0e1000000,0x000072c0e1100000] [id=19190]
  0x000072c0f8057370 GCTaskThread "GC Thread#0" [stack: 0x000072c0fd500000,0x000072c0fd600000] [id=19172]
  0x000072c0c8004a00 GCTaskThread "GC Thread#1" [stack: 0x000072c0e0eff000,0x000072c0e0fff000] [id=19191]
  0x000072c0f8060950 ConcurrentGCThread "G1 Main Marker" [stack: 0x000072c0fd3ff000,0x000072c0fd4ff000] [id=19173]
  0x000072c0f80618c0 ConcurrentGCThread "G1 Conc#0" [stack: 0x000072c0fd2fe000,0x000072c0fd3fe000] [id=19174]
  0x000072c0f80bd670 ConcurrentGCThread "G1 Refine#0" [stack: 0x000072c0fcffb000,0x000072c0fd0fb000] [id=19175]
  0x000072c0f80be570 ConcurrentGCThread "G1 Service" [stack: 0x000072c0fcefa000,0x000072c0fcffa000] [id=19176]

Threads with active compile tasks:
C2 CompilerThread0  215856 10843       4       java.lang.reflect.Method::getAnnotation (6 bytes)
C1 CompilerThread0  215856 11165   !   2       com.sun.beans.util.Cache::get (256 bytes)

VM state: not at safepoint (normal execution)

VM Mutex/Monitor currently owned by a thread: None

Heap address: 0x00000000c0000000, size: 1024 MB, Compressed Oops mode: 32-bit

CDS archive(s) mapped at: [0x000072c083000000-0x000072c083bc7000-0x000072c083bc7000), size 12349440, SharedBaseAddress: 0x000072c083000000, ArchiveRelocationMode: 1.
Compressed class space mapped at: 0x000072c084000000-0x000072c0c4000000, reserved size: 1073741824
Narrow klass base: 0x000072c083000000, Narrow klass shift: 0, Narrow klass range: 0x100000000

GC Precious Log:
 CPUs: 2 total, 2 available
 Memory: 7851M
 Large Page Support: Disabled
 NUMA Support: Disabled
 Compressed Oops: Enabled (32-bit)
 Heap Region Size: 1M
 Heap Min Capacity: 8M
 Heap Initial Capacity: 124M
 Heap Max Capacity: 1G
 Pre-touch: Disabled
 Parallel Workers: 2
 Concurrent Workers: 1
 Concurrent Refinement Workers: 2
 Periodic GC: Disabled

Heap:
 garbage-first heap   total 201728K, used 151259K [0x00000000c0000000, 0x0000000100000000)
  region size 1024K, 44 young (45056K), 1 survivors (1024K)
 Metaspace       used 73660K, committed 74432K, reserved 1114112K
  class space    used 10152K, committed 10496K, reserved 1048576K

Heap Regions: E=young(eden), S=young(survivor), O=old, HS=humongous(starts), HC=humongous(continues), CS=collection set, F=free, OA=open archive, CA=closed archive, TAMS=top-at-mark-start (previous, next)
|   0|0x00000000c0000000, 0x00000000c0100000, 0x00000000c0100000|100%| O|  |TAMS 0x00000000c0100000, 0x00000000c0000000| Untracked 
|   1|0x00000000c0100000, 0x00000000c0200000, 0x00000000c0200000|100%| O|  |TAMS 0x00000000c0200000, 0x00000000c0100000| Untracked 
|   2|0x00000000c0200000, 0x00000000c0300000, 0x00000000c0300000|100%| O|  |TAMS 0x00000000c0300000, 0x00000000c0200000| Untracked 
|   3|0x00000000c0300000, 0x00000000c0400000, 0x00000000c0400000|100%|HS|  |TAMS 0x00000000c0400000, 0x00000000c0300000| Complete 
|   4|0x00000000c0400000, 0x00000000c0500000, 0x00000000c0500000|100%|HC|  |TAMS 0x00000000c0500000, 0x00000000c0400000| Complete 
|   5|0x00000000c0500000, 0x00000000c0600000, 0x00000000c0600000|100%|HC|  |TAMS 0x00000000c0600000, 0x00000000c0500000| Complete 
|   6|0x00000000c0600000, 0x00000000c0700000, 0x00000000c0700000|100%| O|  |TAMS 0x00000000c0700000, 0x00000000c0600000| Untracked 
|   7|0x00000000c0700000, 0x00000000c0800000, 0x00000000c0800000|100%|HS|  |TAMS 0x00000000c0800000, 0x00000000c0700000| Complete 
|   8|0x00000000c0800000, 0x00000000c0900000, 0x00000000c0900000|100%| O|  |TAMS 0x00000000c0900000, 0x00000000c0800000| Untracked 
|   9|0x00000000c0900000, 0x00000000c0a00000, 0x00000000c0a00000|100%| O|  |TAMS 0x00000000c0a00000, 0x00000000c0900000| Untracked 
|  10|0x00000000c0a00000, 0x00000000c0b00000, 0x00000000c0b00000|100%| O|  |TAMS 0x00000000c0b00000, 0x00000000c0a00000| Untracked 
|  11|0x00000000c0b00000, 0x00000000c0c00000, 0x00000000c0c00000|100%| O|  |TAMS 0x00000000c0c00000, 0x00000000c0b00000| Untracked 
|  12|0x00000000c0c00000, 0x00000000c0d00000, 0x00000000c0d00000|100%| O|  |TAMS 0x00000000c0d00000, 0x00000000c0c00000| Untracked 
|  13|0x00000000c0d00000, 0x00000000c0e00000, 0x00000000c0e00000|100%| O|  |TAMS 0x00000000c0e00000, 0x00000000c0d00000| Untracked 
|  14|0x00000000c0e00000, 0x00000000c0f00000, 0x00000000c0f00000|100%| O|  |TAMS 0x00000000c0f00000, 0x00000000c0e00000| Untracked 
|  15|0x00000000c0f00000, 0x00000000c1000000, 0x00000000c1000000|100%| O|  |TAMS 0x00000000c1000000, 0x00000000c0f00000| Untracked 
|  16|0x00000000c1000000, 0x00000000c1100000, 0x00000000c1100000|100%| O|  |TAMS 0x00000000c1100000, 0x00000000c1000000| Untracked 
|  17|0x00000000c1100000, 0x00000000c1200000, 0x00000000c1200000|100%| O|  |TAMS 0x00000000c1200000, 0x00000000c1100000| Untracked 
|  18|0x00000000c1200000, 0x00000000c1300000, 0x00000000c1300000|100%| O|  |TAMS 0x00000000c1300000, 0x00000000c1200000| Untracked 
|  19|0x00000000c1300000, 0x00000000c1400000, 0x00000000c1400000|100%| O|  |TAMS 0x00000000c1400000, 0x00000000c1300000| Untracked 
|  20|0x00000000c1400000, 0x00000000c1400000, 0x00000000c1500000|  0%| F|  |TAMS 0x00000000c1400000, 0x00000000c1400000| Untracked 
|  21|0x00000000c1500000, 0x00000000c1600000, 0x00000000c1600000|100%|HS|  |TAMS 0x00000000c1600000, 0x00000000c1500000| Complete 
|  22|0x00000000c1600000, 0x00000000c1700000, 0x00000000c1700000|100%|HC|  |TAMS 0x00000000c1700000, 0x00000000c1600000| Complete 
|  23|0x00000000c1700000, 0x00000000c1800000, 0x00000000c1800000|100%|HC|  |TAMS 0x00000000c1800000, 0x00000000c1700000| Complete 
|  24|0x00000000c1800000, 0x00000000c1900000, 0x00000000c1900000|100%|HC|  |TAMS 0x00000000c1900000, 0x00000000c1800000| Complete 
|  25|0x00000000c1900000, 0x00000000c1a00000, 0x00000000c1a00000|100%|HC|  |TAMS 0x00000000c1a00000, 0x00000000c1900000| Complete 
|  26|0x00000000c1a00000, 0x00000000c1b00000, 0x00000000c1b00000|100%|HC|  |TAMS 0x00000000c1b00000, 0x00000000c1a00000| Complete 
|  27|0x00000000c1b00000, 0x00000000c1c00000, 0x00000000c1c00000|100%|HS|  |TAMS 0x00000000c1c00000, 0x00000000c1b00000| Complete 
|  28|0x00000000c1c00000, 0x00000000c1d00000, 0x00000000c1d00000|100%|HC|  |TAMS 0x00000000c1d00000, 0x00000000c1c00000| Complete 
|  29|0x00000000c1d00000, 0x00000000c1e00000, 0x00000000c1e00000|100%|HS|  |TAMS 0x00000000c1e00000, 0x00000000c1d00000| Complete 
|  30|0x00000000c1e00000, 0x00000000c1f00000, 0x00000000c1f00000|100%|HS|  |TAMS 0x00000000c1f00000, 0x00000000c1e00000| Complete 
|  31|0x00000000c1f00000, 0x00000000c2000000, 0x00000000c2000000|100%|HC|  |TAMS 0x00000000c2000000, 0x00000000c1f00000| Complete 
|  32|0x00000000c2000000, 0x00000000c2100000, 0x00000000c2100000|100%|HC|  |TAMS 0x00000000c2100000, 0x00000000c2000000| Complete 
|  33|0x00000000c2100000, 0x00000000c2200000, 0x00000000c2200000|100%|HC|  |TAMS 0x00000000c2200000, 0x00000000c2100000| Complete 
|  34|0x00000000c2200000, 0x00000000c2300000, 0x00000000c2300000|100%|HC|  |TAMS 0x00000000c2300000, 0x00000000c2200000| Complete 
|  35|0x00000000c2300000, 0x00000000c2400000, 0x00000000c2400000|100%|HC|  |TAMS 0x00000000c2400000, 0x00000000c2300000| Complete 
|  36|0x00000000c2400000, 0x00000000c2500000, 0x00000000c2500000|100%|HS|  |TAMS 0x00000000c2500000, 0x00000000c2400000| Complete 
|  37|0x00000000c2500000, 0x00000000c2600000, 0x00000000c2600000|100%|HC|  |TAMS 0x00000000c2600000, 0x00000000c2500000| Complete 
|  38|0x00000000c2600000, 0x00000000c2700000, 0x00000000c2700000|100%|HS|  |TAMS 0x00000000c2700000, 0x00000000c2600000| Complete 
|  39|0x00000000c2700000, 0x00000000c2800000, 0x00000000c2800000|100%| O|  |TAMS 0x00000000c2800000, 0x00000000c2700000| Untracked 
|  40|0x00000000c2800000, 0x00000000c2900000, 0x00000000c2900000|100%| O|  |TAMS 0x00000000c2900000, 0x00000000c2800000| Untracked 
|  41|0x00000000c2900000, 0x00000000c2a00000, 0x00000000c2a00000|100%| O|  |TAMS 0x00000000c2a00000, 0x00000000c2900000| Untracked 
|  42|0x00000000c2a00000, 0x00000000c2b00000, 0x00000000c2b00000|100%| O|  |TAMS 0x00000000c2b00000, 0x00000000c2a00000| Untracked 
|  43|0x00000000c2b00000, 0x00000000c2c00000, 0x00000000c2c00000|100%| O|  |TAMS 0x00000000c2c00000, 0x00000000c2b00000| Untracked 
|  44|0x00000000c2c00000, 0x00000000c2d00000, 0x00000000c2d00000|100%| O|  |TAMS 0x00000000c2d00000, 0x00000000c2c00000| Untracked 
|  45|0x00000000c2d00000, 0x00000000c2e00000, 0x00000000c2e00000|100%| O|  |TAMS 0x00000000c2e00000, 0x00000000c2d00000| Untracked 
|  46|0x00000000c2e00000, 0x00000000c2f00000, 0x00000000c2f00000|100%| O|  |TAMS 0x00000000c2e00000, 0x00000000c2e00000| Untracked 
|  47|0x00000000c2f00000, 0x00000000c3000000, 0x00000000c3000000|100%| O|  |TAMS 0x00000000c3000000, 0x00000000c2f00000| Untracked 
|  48|0x00000000c3000000, 0x00000000c3100000, 0x00000000c3100000|100%| O|  |TAMS 0x00000000c3100000, 0x00000000c3000000| Untracked 
|  49|0x00000000c3100000, 0x00000000c3200000, 0x00000000c3200000|100%| O|  |TAMS 0x00000000c3200000, 0x00000000c3100000| Untracked 
|  50|0x00000000c3200000, 0x00000000c3300000, 0x00000000c3300000|100%| O|  |TAMS 0x00000000c3300000, 0x00000000c3200000| Untracked 
|  51|0x00000000c3300000, 0x00000000c3400000, 0x00000000c3400000|100%| O|  |TAMS 0x00000000c3400000, 0x00000000c3300000| Untracked 
|  52|0x00000000c3400000, 0x00000000c3500000, 0x00000000c3500000|100%| O|  |TAMS 0x00000000c3500000, 0x00000000c3400000| Untracked 
|  53|0x00000000c3500000, 0x00000000c3600000, 0x00000000c3600000|100%| O|  |TAMS 0x00000000c3600000, 0x00000000c3500000| Untracked 
|  54|0x00000000c3600000, 0x00000000c3700000, 0x00000000c3700000|100%| O|  |TAMS 0x00000000c3700000, 0x00000000c3600000| Untracked 
|  55|0x00000000c3700000, 0x00000000c3800000, 0x00000000c3800000|100%| O|  |TAMS 0x00000000c3800000, 0x00000000c3700000| Untracked 
|  56|0x00000000c3800000, 0x00000000c3900000, 0x00000000c3900000|100%|HS|  |TAMS 0x00000000c3900000, 0x00000000c3800000| Complete 
|  57|0x00000000c3900000, 0x00000000c3a00000, 0x00000000c3a00000|100%|HC|  |TAMS 0x00000000c3a00000, 0x00000000c3900000| Complete 
|  58|0x00000000c3a00000, 0x00000000c3b00000, 0x00000000c3b00000|100%| O|  |TAMS 0x00000000c3b00000, 0x00000000c3a00000| Untracked 
|  59|0x00000000c3b00000, 0x00000000c3c00000, 0x00000000c3c00000|100%| O|  |TAMS 0x00000000c3c00000, 0x00000000c3b00000| Untracked 
|  60|0x00000000c3c00000, 0x00000000c3d00000, 0x00000000c3d00000|100%| O|  |TAMS 0x00000000c3d00000, 0x00000000c3c00000| Untracked 
|  61|0x00000000c3d00000, 0x00000000c3e00000, 0x00000000c3e00000|100%| O|  |TAMS 0x00000000c3e00000, 0x00000000c3d00000| Untracked 
|  62|0x00000000c3e00000, 0x00000000c3f00000, 0x00000000c3f00000|100%| O|  |TAMS 0x00000000c3f00000, 0x00000000c3e00000| Untracked 
|  63|0x00000000c3f00000, 0x00000000c4000000, 0x00000000c4000000|100%| O|  |TAMS 0x00000000c4000000, 0x00000000c3f00000| Untracked 
|  64|0x00000000c4000000, 0x00000000c4100000, 0x00000000c4100000|100%| O|  |TAMS 0x00000000c4100000, 0x00000000c4000000| Untracked 
|  65|0x00000000c4100000, 0x00000000c4200000, 0x00000000c4200000|100%| O|  |TAMS 0x00000000c4200000, 0x00000000c4100000| Untracked 
|  66|0x00000000c4200000, 0x00000000c4300000, 0x00000000c4300000|100%| O|  |TAMS 0x00000000c4300000, 0x00000000c4200000| Untracked 
|  67|0x00000000c4300000, 0x00000000c4400000, 0x00000000c4400000|100%| O|  |TAMS 0x00000000c4400000, 0x00000000c4300000| Untracked 
|  68|0x00000000c4400000, 0x00000000c4500000, 0x00000000c4500000|100%| O|  |TAMS 0x00000000c4500000, 0x00000000c4400000| Untracked 
|  69|0x00000000c4500000, 0x00000000c4600000, 0x00000000c4600000|100%| O|  |TAMS 0x00000000c4600000, 0x00000000c4500000| Untracked 
|  70|0x00000000c4600000, 0x00000000c4700000, 0x00000000c4700000|100%| O|  |TAMS 0x00000000c4700000, 0x00000000c4600000| Untracked 
|  71|0x00000000c4700000, 0x00000000c4800000, 0x00000000c4800000|100%| O|  |TAMS 0x00000000c4800000, 0x00000000c4700000| Untracked 
|  72|0x00000000c4800000, 0x00000000c4900000, 0x00000000c4900000|100%| O|  |TAMS 0x00000000c4900000, 0x00000000c4800000| Untracked 
|  73|0x00000000c4900000, 0x00000000c4a00000, 0x00000000c4a00000|100%| O|  |TAMS 0x00000000c4a00000, 0x00000000c4900000| Untracked 
|  74|0x00000000c4a00000, 0x00000000c4b00000, 0x00000000c4b00000|100%| O|  |TAMS 0x00000000c4b00000, 0x00000000c4a00000| Untracked 
|  75|0x00000000c4b00000, 0x00000000c4c00000, 0x00000000c4c00000|100%| O|  |TAMS 0x00000000c4c00000, 0x00000000c4b00000| Untracked 
|  76|0x00000000c4c00000, 0x00000000c4d00000, 0x00000000c4d00000|100%| O|  |TAMS 0x00000000c4d00000, 0x00000000c4c00000| Untracked 
|  77|0x00000000c4d00000, 0x00000000c4e00000, 0x00000000c4e00000|100%| O|  |TAMS 0x00000000c4e00000, 0x00000000c4d00000| Untracked 
|  78|0x00000000c4e00000, 0x00000000c4f00000, 0x00000000c4f00000|100%| O|  |TAMS 0x00000000c4f00000, 0x00000000c4e00000| Untracked 
|  79|0x00000000c4f00000, 0x00000000c5000000, 0x00000000c5000000|100%| O|  |TAMS 0x00000000c5000000, 0x00000000c4f00000| Untracked 
|  80|0x00000000c5000000, 0x00000000c5100000, 0x00000000c5100000|100%| O|  |TAMS 0x00000000c5100000, 0x00000000c5000000| Untracked 
|  81|0x00000000c5100000, 0x00000000c5200000, 0x00000000c5200000|100%|HS|  |TAMS 0x00000000c5200000, 0x00000000c5100000| Complete 
|  82|0x00000000c5200000, 0x00000000c5300000, 0x00000000c5300000|100%|HS|  |TAMS 0x00000000c5300000, 0x00000000c5200000| Complete 
|  83|0x00000000c5300000, 0x00000000c5400000, 0x00000000c5400000|100%|HS|  |TAMS 0x00000000c5400000, 0x00000000c5300000| Complete 
|  84|0x00000000c5400000, 0x00000000c5500000, 0x00000000c5500000|100%|HS|  |TAMS 0x00000000c5500000, 0x00000000c5400000| Complete 
|  85|0x00000000c5500000, 0x00000000c5600000, 0x00000000c5600000|100%| O|  |TAMS 0x00000000c5600000, 0x00000000c5500000| Untracked 
|  86|0x00000000c5600000, 0x00000000c5700000, 0x00000000c5700000|100%|HS|  |TAMS 0x00000000c5700000, 0x00000000c5600000| Complete 
|  87|0x00000000c5700000, 0x00000000c5800000, 0x00000000c5800000|100%|HS|  |TAMS 0x00000000c5800000, 0x00000000c5700000| Complete 
|  88|0x00000000c5800000, 0x00000000c5900000, 0x00000000c5900000|100%| O|  |TAMS 0x00000000c5900000, 0x00000000c5800000| Untracked 
|  89|0x00000000c5900000, 0x00000000c5a00000, 0x00000000c5a00000|100%| O|  |TAMS 0x00000000c5a00000, 0x00000000c5900000| Untracked 
|  90|0x00000000c5a00000, 0x00000000c5b00000, 0x00000000c5b00000|100%| O|  |TAMS 0x00000000c5b00000, 0x00000000c5a00000| Untracked 
|  91|0x00000000c5b00000, 0x00000000c5c00000, 0x00000000c5c00000|100%| O|  |TAMS 0x00000000c5c00000, 0x00000000c5b00000| Untracked 
|  92|0x00000000c5c00000, 0x00000000c5d00000, 0x00000000c5d00000|100%| O|  |TAMS 0x00000000c5d00000, 0x00000000c5c00000| Untracked 
|  93|0x00000000c5d00000, 0x00000000c5e00000, 0x00000000c5e00000|100%| O|  |TAMS 0x00000000c5e00000, 0x00000000c5d00000| Untracked 
|  94|0x00000000c5e00000, 0x00000000c5f00000, 0x00000000c5f00000|100%| O|  |TAMS 0x00000000c5f00000, 0x00000000c5e00000| Untracked 
|  95|0x00000000c5f00000, 0x00000000c6000000, 0x00000000c6000000|100%| O|  |TAMS 0x00000000c6000000, 0x00000000c5f00000| Untracked 
|  96|0x00000000c6000000, 0x00000000c6100000, 0x00000000c6100000|100%| O|  |TAMS 0x00000000c6100000, 0x00000000c6000000| Untracked 
|  97|0x00000000c6100000, 0x00000000c6200000, 0x00000000c6200000|100%| O|  |TAMS 0x00000000c61e2c00, 0x00000000c6100000| Untracked 
|  98|0x00000000c6200000, 0x00000000c6300000, 0x00000000c6300000|100%| O|  |TAMS 0x00000000c6200000, 0x00000000c6200000| Untracked 
|  99|0x00000000c6300000, 0x00000000c6400000, 0x00000000c6400000|100%| O|  |TAMS 0x00000000c6300000, 0x00000000c6300000| Untracked 
| 100|0x00000000c6400000, 0x00000000c6500000, 0x00000000c6500000|100%| O|  |TAMS 0x00000000c6400000, 0x00000000c6400000| Untracked 
| 101|0x00000000c6500000, 0x00000000c6600000, 0x00000000c6600000|100%|HS|  |TAMS 0x00000000c6500000, 0x00000000c6500000| Complete 
| 102|0x00000000c6600000, 0x00000000c6700000, 0x00000000c6700000|100%| O|  |TAMS 0x00000000c6600000, 0x00000000c6600000| Untracked 
| 103|0x00000000c6700000, 0x00000000c6800000, 0x00000000c6800000|100%| O|  |TAMS 0x00000000c6700000, 0x00000000c6700000| Untracked 
| 104|0x00000000c6800000, 0x00000000c68c9e00, 0x00000000c6900000| 78%| O|  |TAMS 0x00000000c6800000, 0x00000000c6800000| Untracked 
| 105|0x00000000c6900000, 0x00000000c6900000, 0x00000000c6a00000|  0%| F|  |TAMS 0x00000000c6900000, 0x00000000c6900000| Untracked 
| 106|0x00000000c6a00000, 0x00000000c6a00000, 0x00000000c6b00000|  0%| F|  |TAMS 0x00000000c6a00000, 0x00000000c6a00000| Untracked 
| 107|0x00000000c6b00000, 0x00000000c6b00000, 0x00000000c6c00000|  0%| F|  |TAMS 0x00000000c6b00000, 0x00000000c6b00000| Untracked 
| 108|0x00000000c6c00000, 0x00000000c6c00000, 0x00000000c6d00000|  0%| F|  |TAMS 0x00000000c6c00000, 0x00000000c6c00000| Untracked 
| 109|0x00000000c6d00000, 0x00000000c6d00000, 0x00000000c6e00000|  0%| F|  |TAMS 0x00000000c6d00000, 0x00000000c6d00000| Untracked 
| 110|0x00000000c6e00000, 0x00000000c6e00000, 0x00000000c6f00000|  0%| F|  |TAMS 0x00000000c6e00000, 0x00000000c6e00000| Untracked 
| 111|0x00000000c6f00000, 0x00000000c6f00000, 0x00000000c7000000|  0%| F|  |TAMS 0x00000000c6f00000, 0x00000000c6f00000| Untracked 
| 112|0x00000000c7000000, 0x00000000c7000000, 0x00000000c7100000|  0%| F|  |TAMS 0x00000000c7000000, 0x00000000c7000000| Untracked 
| 113|0x00000000c7100000, 0x00000000c7100000, 0x00000000c7200000|  0%| F|  |TAMS 0x00000000c7100000, 0x00000000c7100000| Untracked 
| 114|0x00000000c7200000, 0x00000000c7200000, 0x00000000c7300000|  0%| F|  |TAMS 0x00000000c7200000, 0x00000000c7200000| Untracked 
| 115|0x00000000c7300000, 0x00000000c7300000, 0x00000000c7400000|  0%| F|  |TAMS 0x00000000c7300000, 0x00000000c7300000| Untracked 
| 116|0x00000000c7400000, 0x00000000c7400000, 0x00000000c7500000|  0%| F|  |TAMS 0x00000000c7400000, 0x00000000c7400000| Untracked 
| 117|0x00000000c7500000, 0x00000000c7500000, 0x00000000c7600000|  0%| F|  |TAMS 0x00000000c7500000, 0x00000000c7500000| Untracked 
| 118|0x00000000c7600000, 0x00000000c7600000, 0x00000000c7700000|  0%| F|  |TAMS 0x00000000c7600000, 0x00000000c7600000| Untracked 
| 119|0x00000000c7700000, 0x00000000c7700000, 0x00000000c7800000|  0%| F|  |TAMS 0x00000000c7700000, 0x00000000c7700000| Untracked 
| 120|0x00000000c7800000, 0x00000000c7800000, 0x00000000c7900000|  0%| F|  |TAMS 0x00000000c7800000, 0x00000000c7800000| Untracked 
| 121|0x00000000c7900000, 0x00000000c7900000, 0x00000000c7a00000|  0%| F|  |TAMS 0x00000000c7900000, 0x00000000c7900000| Untracked 
| 122|0x00000000c7a00000, 0x00000000c7a00000, 0x00000000c7b00000|  0%| F|  |TAMS 0x00000000c7a00000, 0x00000000c7a00000| Untracked 
| 123|0x00000000c7b00000, 0x00000000c7b00000, 0x00000000c7c00000|  0%| F|  |TAMS 0x00000000c7b00000, 0x00000000c7b00000| Untracked 
| 124|0x00000000c7c00000, 0x00000000c7c00000, 0x00000000c7d00000|  0%| F|  |TAMS 0x00000000c7c00000, 0x00000000c7c00000| Untracked 
| 125|0x00000000c7d00000, 0x00000000c7d00000, 0x00000000c7e00000|  0%| F|  |TAMS 0x00000000c7d00000, 0x00000000c7d00000| Untracked 
| 126|0x00000000c7e00000, 0x00000000c7e00000, 0x00000000c7f00000|  0%| F|  |TAMS 0x00000000c7e00000, 0x00000000c7e00000| Untracked 
| 127|0x00000000c7f00000, 0x00000000c7f00000, 0x00000000c8000000|  0%| F|  |TAMS 0x00000000c7f00000, 0x00000000c7f00000| Untracked 
| 128|0x00000000c8000000, 0x00000000c8000000, 0x00000000c8100000|  0%| F|  |TAMS 0x00000000c8000000, 0x00000000c8000000| Untracked 
| 129|0x00000000c8100000, 0x00000000c8100000, 0x00000000c8200000|  0%| F|  |TAMS 0x00000000c8100000, 0x00000000c8100000| Untracked 
| 130|0x00000000c8200000, 0x00000000c8200000, 0x00000000c8300000|  0%| F|  |TAMS 0x00000000c8200000, 0x00000000c8200000| Untracked 
| 131|0x00000000c8300000, 0x00000000c8300000, 0x00000000c8400000|  0%| F|  |TAMS 0x00000000c8300000, 0x00000000c8300000| Untracked 
| 132|0x00000000c8400000, 0x00000000c8400000, 0x00000000c8500000|  0%| F|  |TAMS 0x00000000c8400000, 0x00000000c8400000| Untracked 
| 133|0x00000000c8500000, 0x00000000c8500000, 0x00000000c8600000|  0%| F|  |TAMS 0x00000000c8500000, 0x00000000c8500000| Untracked 
| 134|0x00000000c8600000, 0x00000000c8600000, 0x00000000c8700000|  0%| F|  |TAMS 0x00000000c8600000, 0x00000000c8600000| Untracked 
| 135|0x00000000c8700000, 0x00000000c8700000, 0x00000000c8800000|  0%| F|  |TAMS 0x00000000c8700000, 0x00000000c8700000| Untracked 
| 136|0x00000000c8800000, 0x00000000c8800000, 0x00000000c8900000|  0%| F|  |TAMS 0x00000000c8800000, 0x00000000c8800000| Untracked 
| 137|0x00000000c8900000, 0x00000000c8900000, 0x00000000c8a00000|  0%| F|  |TAMS 0x00000000c8900000, 0x00000000c8900000| Untracked 
| 138|0x00000000c8a00000, 0x00000000c8a00000, 0x00000000c8b00000|  0%| F|  |TAMS 0x00000000c8a00000, 0x00000000c8a00000| Untracked 
| 139|0x00000000c8b00000, 0x00000000c8b00000, 0x00000000c8c00000|  0%| F|  |TAMS 0x00000000c8b00000, 0x00000000c8b00000| Untracked 
| 140|0x00000000c8c00000, 0x00000000c8c00000, 0x00000000c8d00000|  0%| F|  |TAMS 0x00000000c8c00000, 0x00000000c8c00000| Untracked 
| 141|0x00000000c8d00000, 0x00000000c8d00000, 0x00000000c8e00000|  0%| F|  |TAMS 0x00000000c8d00000, 0x00000000c8d00000| Untracked 
| 142|0x00000000c8e00000, 0x00000000c8e00000, 0x00000000c8f00000|  0%| F|  |TAMS 0x00000000c8e00000, 0x00000000c8e00000| Untracked 
| 143|0x00000000c8f00000, 0x00000000c8f00000, 0x00000000c9000000|  0%| F|  |TAMS 0x00000000c8f00000, 0x00000000c8f00000| Untracked 
| 144|0x00000000c9000000, 0x00000000c9000000, 0x00000000c9100000|  0%| F|  |TAMS 0x00000000c9000000, 0x00000000c9000000| Untracked 
| 145|0x00000000c9100000, 0x00000000c9100000, 0x00000000c9200000|  0%| F|  |TAMS 0x00000000c9100000, 0x00000000c9100000| Untracked 
| 146|0x00000000c9200000, 0x00000000c9200000, 0x00000000c9300000|  0%| F|  |TAMS 0x00000000c9200000, 0x00000000c9200000| Untracked 
| 147|0x00000000c9300000, 0x00000000c9300000, 0x00000000c9400000|  0%| F|  |TAMS 0x00000000c9300000, 0x00000000c9300000| Untracked 
| 148|0x00000000c9400000, 0x00000000c9400000, 0x00000000c9500000|  0%| F|  |TAMS 0x00000000c9400000, 0x00000000c9400000| Untracked 
| 149|0x00000000c9500000, 0x00000000c9500000, 0x00000000c9600000|  0%| F|  |TAMS 0x00000000c9500000, 0x00000000c9500000| Untracked 
| 150|0x00000000c9600000, 0x00000000c9600000, 0x00000000c9700000|  0%| F|  |TAMS 0x00000000c9600000, 0x00000000c9600000| Untracked 
| 151|0x00000000c9700000, 0x00000000c9800000, 0x00000000c9800000|100%| E|  |TAMS 0x00000000c9700000, 0x00000000c9700000| Complete 
| 152|0x00000000c9800000, 0x00000000c9900000, 0x00000000c9900000|100%| E|CS|TAMS 0x00000000c9800000, 0x00000000c9800000| Complete 
| 153|0x00000000c9900000, 0x00000000c9a00000, 0x00000000c9a00000|100%| E|CS|TAMS 0x00000000c9900000, 0x00000000c9900000| Complete 
| 154|0x00000000c9a00000, 0x00000000c9b00000, 0x00000000c9b00000|100%| E|CS|TAMS 0x00000000c9a00000, 0x00000000c9a00000| Complete 
| 155|0x00000000c9b00000, 0x00000000c9c00000, 0x00000000c9c00000|100%| E|CS|TAMS 0x00000000c9b00000, 0x00000000c9b00000| Complete 
| 156|0x00000000c9c00000, 0x00000000c9d00000, 0x00000000c9d00000|100%| E|CS|TAMS 0x00000000c9c00000, 0x00000000c9c00000| Complete 
| 157|0x00000000c9d00000, 0x00000000c9e00000, 0x00000000c9e00000|100%| E|CS|TAMS 0x00000000c9d00000, 0x00000000c9d00000| Complete 
| 158|0x00000000c9e00000, 0x00000000c9f00000, 0x00000000c9f00000|100%| E|CS|TAMS 0x00000000c9e00000, 0x00000000c9e00000| Complete 
| 159|0x00000000c9f00000, 0x00000000ca000000, 0x00000000ca000000|100%| E|CS|TAMS 0x00000000c9f00000, 0x00000000c9f00000| Complete 
| 160|0x00000000ca000000, 0x00000000ca100000, 0x00000000ca100000|100%| E|CS|TAMS 0x00000000ca000000, 0x00000000ca000000| Complete 
| 161|0x00000000ca100000, 0x00000000ca200000, 0x00000000ca200000|100%| E|CS|TAMS 0x00000000ca100000, 0x00000000ca100000| Complete 
| 162|0x00000000ca200000, 0x00000000ca300000, 0x00000000ca300000|100%| E|CS|TAMS 0x00000000ca200000, 0x00000000ca200000| Complete 
| 163|0x00000000ca300000, 0x00000000ca400000, 0x00000000ca400000|100%| E|CS|TAMS 0x00000000ca300000, 0x00000000ca300000| Complete 
| 164|0x00000000ca400000, 0x00000000ca500000, 0x00000000ca500000|100%| E|CS|TAMS 0x00000000ca400000, 0x00000000ca400000| Complete 
| 165|0x00000000ca500000, 0x00000000ca600000, 0x00000000ca600000|100%| E|CS|TAMS 0x00000000ca500000, 0x00000000ca500000| Complete 
| 166|0x00000000ca600000, 0x00000000ca700000, 0x00000000ca700000|100%| E|CS|TAMS 0x00000000ca600000, 0x00000000ca600000| Complete 
| 167|0x00000000ca700000, 0x00000000ca800000, 0x00000000ca800000|100%| E|CS|TAMS 0x00000000ca700000, 0x00000000ca700000| Complete 
| 168|0x00000000ca800000, 0x00000000ca900000, 0x00000000ca900000|100%| E|CS|TAMS 0x00000000ca800000, 0x00000000ca800000| Complete 
| 169|0x00000000ca900000, 0x00000000caa00000, 0x00000000caa00000|100%| E|CS|TAMS 0x00000000ca900000, 0x00000000ca900000| Complete 
| 170|0x00000000caa00000, 0x00000000cab00000, 0x00000000cab00000|100%| E|CS|TAMS 0x00000000caa00000, 0x00000000caa00000| Complete 
| 171|0x00000000cab00000, 0x00000000cac00000, 0x00000000cac00000|100%| E|CS|TAMS 0x00000000cab00000, 0x00000000cab00000| Complete 
| 172|0x00000000cac00000, 0x00000000cad00000, 0x00000000cad00000|100%| E|CS|TAMS 0x00000000cac00000, 0x00000000cac00000| Complete 
| 173|0x00000000cad00000, 0x00000000cae00000, 0x00000000cae00000|100%| E|CS|TAMS 0x00000000cad00000, 0x00000000cad00000| Complete 
| 174|0x00000000cae00000, 0x00000000caf00000, 0x00000000caf00000|100%| E|CS|TAMS 0x00000000cae00000, 0x00000000cae00000| Complete 
| 175|0x00000000caf00000, 0x00000000cb000000, 0x00000000cb000000|100%| E|CS|TAMS 0x00000000caf00000, 0x00000000caf00000| Complete 
| 176|0x00000000cb000000, 0x00000000cb100000, 0x00000000cb100000|100%| E|CS|TAMS 0x00000000cb000000, 0x00000000cb000000| Complete 
| 177|0x00000000cb100000, 0x00000000cb200000, 0x00000000cb200000|100%| E|CS|TAMS 0x00000000cb100000, 0x00000000cb100000| Complete 
| 178|0x00000000cb200000, 0x00000000cb300000, 0x00000000cb300000|100%| E|CS|TAMS 0x00000000cb200000, 0x00000000cb200000| Complete 
| 179|0x00000000cb300000, 0x00000000cb400000, 0x00000000cb400000|100%| E|CS|TAMS 0x00000000cb300000, 0x00000000cb300000| Complete 
| 180|0x00000000cb400000, 0x00000000cb500000, 0x00000000cb500000|100%| E|CS|TAMS 0x00000000cb400000, 0x00000000cb400000| Complete 
| 181|0x00000000cb500000, 0x00000000cb600000, 0x00000000cb600000|100%| E|CS|TAMS 0x00000000cb500000, 0x00000000cb500000| Complete 
| 182|0x00000000cb600000, 0x00000000cb700000, 0x00000000cb700000|100%| E|CS|TAMS 0x00000000cb600000, 0x00000000cb600000| Complete 
| 183|0x00000000cb700000, 0x00000000cb800000, 0x00000000cb800000|100%| E|CS|TAMS 0x00000000cb700000, 0x00000000cb700000| Complete 
| 184|0x00000000cb800000, 0x00000000cb900000, 0x00000000cb900000|100%| E|CS|TAMS 0x00000000cb800000, 0x00000000cb800000| Complete 
| 185|0x00000000cb900000, 0x00000000cba00000, 0x00000000cba00000|100%| E|CS|TAMS 0x00000000cb900000, 0x00000000cb900000| Complete 
| 186|0x00000000cba00000, 0x00000000cbb00000, 0x00000000cbb00000|100%| E|CS|TAMS 0x00000000cba00000, 0x00000000cba00000| Complete 
| 187|0x00000000cbb00000, 0x00000000cbc00000, 0x00000000cbc00000|100%| E|CS|TAMS 0x00000000cbb00000, 0x00000000cbb00000| Complete 
| 188|0x00000000cbc00000, 0x00000000cbd00000, 0x00000000cbd00000|100%| E|CS|TAMS 0x00000000cbc00000, 0x00000000cbc00000| Complete 
| 189|0x00000000cbd00000, 0x00000000cbe00000, 0x00000000cbe00000|100%| E|CS|TAMS 0x00000000cbd00000, 0x00000000cbd00000| Complete 
| 190|0x00000000cbe00000, 0x00000000cbf00000, 0x00000000cbf00000|100%| E|CS|TAMS 0x00000000cbe00000, 0x00000000cbe00000| Complete 
| 191|0x00000000cbf00000, 0x00000000cc000000, 0x00000000cc000000|100%| E|CS|TAMS 0x00000000cbf00000, 0x00000000cbf00000| Complete 
| 192|0x00000000cc000000, 0x00000000cc100000, 0x00000000cc100000|100%| S|CS|TAMS 0x00000000cc000000, 0x00000000cc000000| Complete 
| 193|0x00000000cc100000, 0x00000000cc200000, 0x00000000cc200000|100%| E|CS|TAMS 0x00000000cc100000, 0x00000000cc100000| Complete 
| 194|0x00000000cc200000, 0x00000000cc300000, 0x00000000cc300000|100%| E|CS|TAMS 0x00000000cc200000, 0x00000000cc200000| Complete 
|1022|0x00000000ffe00000, 0x00000000ffe75000, 0x00000000fff00000| 45%|OA|  |TAMS 0x00000000ffe75000, 0x00000000ffe00000| Untracked 
|1023|0x00000000fff00000, 0x00000000fff78000, 0x0000000100000000| 46%|CA|  |TAMS 0x00000000fff78000, 0x00000000fff00000| Untracked 

Card table byte_map: [0x000072c0ff800000,0x000072c0ffa00000] _byte_map_base: 0x000072c0ff200000

Marking Bits (Prev, Next): (CMBitMap*) 0x000072c0f8057e00, (CMBitMap*) 0x000072c0f8057e40
 Prev Bits: [0x000072c0fe600000, 0x000072c0ff600000)
 Next Bits: [0x000072c0fd600000, 0x000072c0fe600000)

Polling page: 0x000072c101ac4000

Metaspace:

Usage:
  Non-class:     62.05 MB used.
      Class:      9.92 MB used.
       Both:     71.97 MB used.

Virtual space:
  Non-class space:       64.00 MB reserved,      62.50 MB ( 98%) committed,  1 nodes.
      Class space:        1.00 GB reserved,      10.25 MB (  1%) committed,  1 nodes.
             Both:        1.06 GB reserved,      72.75 MB (  7%) committed. 

Chunk freelists:
   Non-Class:  1.11 MB
       Class:  5.56 MB
        Both:  6.67 MB

MaxMetaspaceSize: unlimited
CompressedClassSpaceSize: 1.00 GB
Initial GC threshold: 21.00 MB
Current GC threshold: 113.69 MB
CDS: on
MetaspaceReclaimPolicy: balanced
 - commit_granule_bytes: 65536.
 - commit_granule_words: 8192.
 - virtual_space_node_default_size: 8388608.
 - enlarge_chunks_in_place: 1.
 - new_chunks_are_fully_committed: 0.
 - uncommit_free_chunks: 1.
 - use_allocation_guard: 0.
 - handle_deallocations: 1.


Internal statistics:

num_allocs_failed_limit: 3.
num_arena_births: 954.
num_arena_deaths: 4.
num_vsnodes_births: 2.
num_vsnodes_deaths: 0.
num_space_committed: 1164.
num_space_uncommitted: 0.
num_chunks_returned_to_freelist: 12.
num_chunks_taken_from_freelist: 4057.
num_chunk_merges: 3.
num_chunk_splits: 2640.
num_chunks_enlarged: 1782.
num_inconsistent_stats: 0.

CodeHeap 'non-profiled nmethods': size=120036Kb used=3293Kb max_used=3293Kb free=116742Kb
 bounds [0x000072c0e8ec7000, 0x000072c0e9207000, 0x000072c0f0400000]
CodeHeap 'profiled nmethods': size=120032Kb used=16653Kb max_used=16653Kb free=103378Kb
 bounds [0x000072c0e1400000, 0x000072c0e2450000, 0x000072c0e8938000]
CodeHeap 'non-nmethods': size=5692Kb used=2356Kb max_used=2396Kb free=3335Kb
 bounds [0x000072c0e8938000, 0x000072c0e8ba8000, 0x000072c0e8ec7000]
 total_blobs=10479 nmethods=9584 adapters=809
 compilation: enabled
              stopped_count=0, restarted_count=0
 full_count=0

Compilation events (20 events):
Event: 215.542 Thread 0x000072c0f80f43b0 11156       3       groovy.lang.MetaMethod::isPublic (15 bytes)
Event: 215.543 Thread 0x000072c0f80f43b0 nmethod 11156 0x000072c0e2439c10 code [0x000072c0e2439dc0, 0x000072c0e2439fe0]
Event: 215.543 Thread 0x000072c0f80f43b0 11154       3       org.codehaus.groovy.util.ReferenceManager$CallBackedManager::afterReferenceCreation (5 bytes)
Event: 215.543 Thread 0x000072c0f80f43b0 nmethod 11154 0x000072c0e243a090 code [0x000072c0e243a240, 0x000072c0e243a380]
Event: 215.543 Thread 0x000072c0f80f43b0 11153       2       org.codehaus.groovy.reflection.CachedClass$8::initValue (127 bytes)
Event: 215.555 Thread 0x000072c0f80f43b0 nmethod 11153 0x000072c0e243a410 code [0x000072c0e243a6a0, 0x000072c0e243ad30]
Event: 215.555 Thread 0x000072c0f80f43b0 11152       2       org.codehaus.groovy.reflection.CachedClass$8::initValue (5 bytes)
Event: 215.556 Thread 0x000072c0f80f43b0 nmethod 11152 0x000072c0e243b290 code [0x000072c0e243b440, 0x000072c0e243b560]
Event: 215.556 Thread 0x000072c0f80f43b0 11157       2       org.codehaus.groovy.reflection.CachedClass$4::initValue (5 bytes)
Event: 215.561 Thread 0x000072c0f80f43b0 nmethod 11157 0x000072c0e243b610 code [0x000072c0e243b7c0, 0x000072c0e243b8e0]
Event: 215.561 Thread 0x000072c0f80f43b0 11158       2       org.codehaus.groovy.reflection.CachedClass$4::initValue (63 bytes)
Event: 215.567 Thread 0x000072c0f80f43b0 nmethod 11158 0x000072c0e243b990 code [0x000072c0e243bba0, 0x000072c0e243bf00]
Event: 215.567 Thread 0x000072c0f80f43b0 11159       2       org.codehaus.groovy.reflection.ClassInfo$LazyCachedClassRef::initValue (5 bytes)
Event: 215.572 Thread 0x000072c0f80f43b0 nmethod 11159 0x000072c0e243c190 code [0x000072c0e243c340, 0x000072c0e243c4c0]
Event: 215.572 Thread 0x000072c0f80f43b0 11160       2       org.codehaus.groovy.reflection.ClassInfo$LazyCachedClassRef::initValue (21 bytes)
Event: 215.573 Thread 0x000072c0f80f43b0 nmethod 11160 0x000072c0e243c610 code [0x000072c0e243c7c0, 0x000072c0e243c940]
Event: 215.573 Thread 0x000072c0f80f43b0 11161       2       org.codehaus.groovy.reflection.ClassInfo::access$300 (6 bytes)
Event: 215.578 Thread 0x000072c0f80f43b0 nmethod 11161 0x000072c0e243ca90 code [0x000072c0e243cc40, 0x000072c0e243cd40]
Event: 215.605 Thread 0x000072c0f80f43b0 11162       2       java.util.concurrent.ThreadPoolExecutor::afterExecute (1 bytes)
Event: 215.606 Thread 0x000072c0f80f43b0 nmethod 11162 0x000072c0e243ce10 code [0x000072c0e243cfa0, 0x000072c0e243d090]

GC Heap History (20 events):
Event: 152.077 GC heap before
{Heap before GC invocations=29 (full 0):
 garbage-first heap   total 187392K, used 120690K [0x00000000c0000000, 0x0000000100000000)
  region size 1024K, 47 young (48128K), 2 survivors (2048K)
 Metaspace       used 53709K, committed 54336K, reserved 1114112K
  class space    used 7552K, committed 7872K, reserved 1048576K
}
Event: 152.258 GC heap after
{Heap after GC invocations=30 (full 0):
 garbage-first heap   total 187392K, used 76474K [0x00000000c0000000, 0x0000000100000000)
  region size 1024K, 5 young (5120K), 5 survivors (5120K)
 Metaspace       used 53709K, committed 54336K, reserved 1114112K
  class space    used 7552K, committed 7872K, reserved 1048576K
}
Event: 157.744 GC heap before
{Heap before GC invocations=30 (full 0):
 garbage-first heap   total 187392K, used 110266K [0x00000000c0000000, 0x0000000100000000)
  region size 1024K, 38 young (38912K), 5 survivors (5120K)
 Metaspace       used 56080K, committed 56768K, reserved 1114112K
  class space    used 7959K, committed 8256K, reserved 1048576K
}
Event: 157.968 GC heap after
{Heap after GC invocations=31 (full 0):
 garbage-first heap   total 187392K, used 78605K [0x00000000c0000000, 0x0000000100000000)
  region size 1024K, 3 young (3072K), 3 survivors (3072K)
 Metaspace       used 56080K, committed 56768K, reserved 1114112K
  class space    used 7959K, committed 8256K, reserved 1048576K
}
Event: 169.377 GC heap before
{Heap before GC invocations=31 (full 0):
 garbage-first heap   total 187392K, used 122637K [0x00000000c0000000, 0x0000000100000000)
  region size 1024K, 47 young (48128K), 3 survivors (3072K)
 Metaspace       used 59092K, committed 59776K, reserved 1114112K
  class space    used 8281K, committed 8576K, reserved 1048576K
}
Event: 169.592 GC heap after
{Heap after GC invocations=32 (full 0):
 garbage-first heap   total 187392K, used 82655K [0x00000000c0000000, 0x0000000100000000)
  region size 1024K, 6 young (6144K), 6 survivors (6144K)
 Metaspace       used 59092K, committed 59776K, reserved 1114112K
  class space    used 8281K, committed 8576K, reserved 1048576K
}
Event: 176.254 GC heap before
{Heap before GC invocations=32 (full 0):
 garbage-first heap   total 187392K, used 115423K [0x00000000c0000000, 0x0000000100000000)
  region size 1024K, 39 young (39936K), 6 survivors (6144K)
 Metaspace       used 59405K, committed 60096K, reserved 1114112K
  class space    used 8281K, committed 8576K, reserved 1048576K
}
Event: 176.395 GC heap after
{Heap after GC invocations=33 (full 0):
 garbage-first heap   total 187392K, used 84269K [0x00000000c0000000, 0x0000000100000000)
  region size 1024K, 2 young (2048K), 2 survivors (2048K)
 Metaspace       used 59405K, committed 60096K, reserved 1114112K
  class space    used 8281K, committed 8576K, reserved 1048576K
}
Event: 184.795 GC heap before
{Heap before GC invocations=33 (full 0):
 garbage-first heap   total 187392K, used 139565K [0x00000000c0000000, 0x0000000100000000)
  region size 1024K, 57 young (58368K), 2 survivors (2048K)
 Metaspace       used 59978K, committed 60608K, reserved 1114112K
  class space    used 8359K, committed 8640K, reserved 1048576K
}
Event: 184.878 GC heap after
{Heap after GC invocations=34 (full 0):
 garbage-first heap   total 187392K, used 86243K [0x00000000c0000000, 0x0000000100000000)
  region size 1024K, 4 young (4096K), 4 survivors (4096K)
 Metaspace       used 59978K, committed 60608K, reserved 1114112K
  class space    used 8359K, committed 8640K, reserved 1048576K
}
Event: 191.502 GC heap before
{Heap before GC invocations=35 (full 0):
 garbage-first heap   total 187392K, used 144611K [0x00000000c0000000, 0x0000000100000000)
  region size 1024K, 55 young (56320K), 4 survivors (4096K)
 Metaspace       used 63168K, committed 63872K, reserved 1114112K
  class space    used 8766K, committed 9088K, reserved 1048576K
}
Event: 191.581 GC heap after
{Heap after GC invocations=36 (full 0):
 garbage-first heap   total 187392K, used 99656K [0x00000000c0000000, 0x0000000100000000)
  region size 1024K, 7 young (7168K), 7 survivors (7168K)
 Metaspace       used 63168K, committed 63872K, reserved 1114112K
  class space    used 8766K, committed 9088K, reserved 1048576K
}
Event: 192.131 GC heap before
{Heap before GC invocations=36 (full 0):
 garbage-first heap   total 187392K, used 101704K [0x00000000c0000000, 0x0000000100000000)
  region size 1024K, 9 young (9216K), 7 survivors (7168K)
 Metaspace       used 63355K, committed 64128K, reserved 1114112K
  class space    used 8787K, committed 9152K, reserved 1048576K
}
Event: 192.178 GC heap after
{Heap after GC invocations=37 (full 0):
 garbage-first heap   total 187392K, used 100479K [0x00000000c0000000, 0x0000000100000000)
  region size 1024K, 1 young (1024K), 1 survivors (1024K)
 Metaspace       used 63355K, committed 64128K, reserved 1114112K
  class space    used 8787K, committed 9152K, reserved 1048576K
}
Event: 202.462 GC heap before
{Heap before GC invocations=37 (full 0):
 garbage-first heap   total 187392K, used 149631K [0x00000000c0000000, 0x0000000100000000)
  region size 1024K, 50 young (51200K), 1 survivors (1024K)
 Metaspace       used 69024K, committed 69760K, reserved 1114112K
  class space    used 9510K, committed 9856K, reserved 1048576K
}
Event: 202.565 GC heap after
{Heap after GC invocations=38 (full 0):
 garbage-first heap   total 187392K, used 102754K [0x00000000c0000000, 0x0000000100000000)
  region size 1024K, 3 young (3072K), 3 survivors (3072K)
 Metaspace       used 69024K, committed 69760K, reserved 1114112K
  class space    used 9510K, committed 9856K, reserved 1048576K
}
Event: 210.498 GC heap before
{Heap before GC invocations=39 (full 0):
 garbage-first heap   total 201728K, used 157026K [0x00000000c0000000, 0x0000000100000000)
  region size 1024K, 51 young (52224K), 3 survivors (3072K)
 Metaspace       used 71781K, committed 72576K, reserved 1114112K
  class space    used 9905K, committed 10304K, reserved 1048576K
}
Event: 210.651 GC heap after
{Heap after GC invocations=40 (full 0):
 garbage-first heap   total 201728K, used 107563K [0x00000000c0000000, 0x0000000100000000)
  region size 1024K, 7 young (7168K), 7 survivors (7168K)
 Metaspace       used 71781K, committed 72576K, reserved 1114112K
  class space    used 9905K, committed 10304K, reserved 1048576K
}
Event: 211.204 GC heap before
{Heap before GC invocations=40 (full 0):
 garbage-first heap   total 201728K, used 109611K [0x00000000c0000000, 0x0000000100000000)
  region size 1024K, 9 young (9216K), 7 survivors (7168K)
 Metaspace       used 71921K, committed 72704K, reserved 1114112K
  class space    used 9921K, committed 10304K, reserved 1048576K
}
Event: 211.374 GC heap after
{Heap after GC invocations=41 (full 0):
 garbage-first heap   total 201728K, used 108251K [0x00000000c0000000, 0x0000000100000000)
  region size 1024K, 1 young (1024K), 1 survivors (1024K)
 Metaspace       used 71921K, committed 72704K, reserved 1114112K
  class space    used 9921K, committed 10304K, reserved 1048576K
}

Dll operation events (14 events):
Event: 0.051 Loaded shared library /usr/lib/jvm/java-17-openjdk-amd64/lib/libjava.so
Event: 0.263 Loaded shared library /usr/lib/jvm/java-17-openjdk-amd64/lib/libjsvml.so
Event: 1.165 Loaded shared library /usr/lib/jvm/java-17-openjdk-amd64/lib/libzip.so
Event: 1.203 Loaded shared library /usr/lib/jvm/java-17-openjdk-amd64/lib/libinstrument.so
Event: 1.260 Loaded shared library /usr/lib/jvm/java-17-openjdk-amd64/lib/libnio.so
Event: 1.330 Loaded shared library /usr/lib/jvm/java-17-openjdk-amd64/lib/libzip.so
Event: 6.162 Loaded shared library /usr/lib/jvm/java-17-openjdk-amd64/lib/libjimage.so
Event: 9.144 Loaded shared library /usr/lib/jvm/java-17-openjdk-amd64/lib/libverify.so
Event: 10.949 Loaded shared library /usr/lib/jvm/java-17-openjdk-amd64/lib/libnet.so
Event: 11.030 Loaded shared library /home/indra/.gradle/native/1def1411415f61bf3af743bc5b6707747c0891f09f0c88961ee8f79bc544acac/linux-amd64/libnative-platform.so
Event: 11.580 Loaded shared library /home/indra/.gradle/native/0.2.7/x86_64-linux-gnu/libgradle-fileevents.so
Event: 32.162 Loaded shared library /usr/lib/jvm/java-17-openjdk-amd64/lib/libmanagement.so
Event: 32.178 Loaded shared library /usr/lib/jvm/java-17-openjdk-amd64/lib/libmanagement_ext.so
Event: 33.473 Loaded shared library /usr/lib/jvm/java-17-openjdk-amd64/lib/libextnet.so

Deoptimization events (20 events):
Event: 212.695 Thread 0x000072c070009dd0 Uncommon trap: trap_request=0xffffff45 fr.pc=0x000072c0e91d4eb0 relative=0x00000000000002f0
Event: 212.695 Thread 0x000072c070009dd0 Uncommon trap: reason=unstable_if action=reinterpret pc=0x000072c0e91d4eb0 method=org.gradle.internal.reflect.PropertyAccessorType.of(Ljava/lang/reflect/Method;)Lorg/gradle/internal/reflect/PropertyAccessorType; @ 56 c2
Event: 212.695 Thread 0x000072c070009dd0 DEOPT PACKING pc=0x000072c0e91d4eb0 sp=0x000072c0e05f5220
Event: 212.695 Thread 0x000072c070009dd0 DEOPT UNPACKING pc=0x000072c0e898e693 sp=0x000072c0e05f51e0 mode 2
Event: 213.062 Thread 0x000072c070009dd0 Uncommon trap: trap_request=0xffffff45 fr.pc=0x000072c0e91f9650 relative=0x0000000000000230
Event: 213.062 Thread 0x000072c070009dd0 Uncommon trap: reason=unstable_if action=reinterpret pc=0x000072c0e91f9650 method=org.objectweb.asm.Label.resolve([BLorg/objectweb/asm/ByteVector;I)Z @ 81 c2
Event: 213.062 Thread 0x000072c070009dd0 DEOPT PACKING pc=0x000072c0e91f9650 sp=0x000072c0e05f3850
Event: 213.062 Thread 0x000072c070009dd0 DEOPT UNPACKING pc=0x000072c0e898e693 sp=0x000072c0e05f37e0 mode 2
Event: 213.810 Thread 0x000072c070009dd0 Uncommon trap: trap_request=0xffffffd6 fr.pc=0x000072c0e9194348 relative=0x0000000000000788
Event: 213.810 Thread 0x000072c070009dd0 Uncommon trap: reason=array_check action=maybe_recompile pc=0x000072c0e9194348 method=java.util.TimSort.binarySort([Ljava/lang/Object;IIILjava/util/Comparator;)V @ 193 c2
Event: 213.810 Thread 0x000072c070009dd0 DEOPT PACKING pc=0x000072c0e9194348 sp=0x000072c0e05f6b30
Event: 213.810 Thread 0x000072c070009dd0 DEOPT UNPACKING pc=0x000072c0e898e693 sp=0x000072c0e05f6ac8 mode 2
Event: 213.864 Thread 0x000072c070009dd0 Uncommon trap: trap_request=0xffffffd6 fr.pc=0x000072c0e9194348 relative=0x0000000000000788
Event: 213.864 Thread 0x000072c070009dd0 Uncommon trap: reason=array_check action=maybe_recompile pc=0x000072c0e9194348 method=java.util.TimSort.binarySort([Ljava/lang/Object;IIILjava/util/Comparator;)V @ 193 c2
Event: 213.864 Thread 0x000072c070009dd0 DEOPT PACKING pc=0x000072c0e9194348 sp=0x000072c0e05f6c30
Event: 213.864 Thread 0x000072c070009dd0 DEOPT UNPACKING pc=0x000072c0e898e693 sp=0x000072c0e05f6bc8 mode 2
Event: 213.935 Thread 0x000072c070009dd0 DEOPT PACKING pc=0x000072c0e2249a6f sp=0x000072c0e05f5b00
Event: 213.935 Thread 0x000072c070009dd0 DEOPT UNPACKING pc=0x000072c0e898ee10 sp=0x000072c0e05f4fa8 mode 0
Event: 214.276 Thread 0x000072c070009dd0 DEOPT PACKING pc=0x000072c0e1a12a7b sp=0x000072c0e05f54b0
Event: 214.276 Thread 0x000072c070009dd0 DEOPT UNPACKING pc=0x000072c0e898ee10 sp=0x000072c0e05f4960 mode 0

Classes loaded (20 events):
Event: 202.316 Loading class java/util/Base64$Decoder
Event: 202.321 Loading class java/util/Base64$Decoder done
Event: 202.322 Loading class java/util/Base64$Encoder
Event: 202.322 Loading class java/util/Base64$Encoder done
Event: 202.353 Loading class java/util/jar/JarVerifier$VerifierStream
Event: 202.354 Loading class java/util/jar/JarVerifier$VerifierStream done
Event: 202.354 Loading class sun/security/util/ManifestEntryVerifier$SunProviderHolder
Event: 202.354 Loading class sun/security/util/ManifestEntryVerifier$SunProviderHolder done
Event: 203.256 Loading class sun/security/util/MemoryCache$QueueCacheEntry
Event: 203.261 Loading class sun/security/util/MemoryCache$QueueCacheEntry done
Event: 204.571 Loading class java/security/KeyStore$ProtectionParameter
Event: 204.571 Loading class java/security/KeyStore$ProtectionParameter done
Event: 206.633 Loading class sun/reflect/annotation/AnnotationInvocationHandler$1
Event: 206.634 Loading class sun/reflect/annotation/AnnotationInvocationHandler$1 done
Event: 209.976 Loading class java/security/KeyStore
Event: 209.989 Loading class java/security/KeyStore done
Event: 209.989 Loading class java/security/KeyStore$1
Event: 209.989 Loading class java/security/KeyStore$1 done
Event: 212.386 Loading class javax/xml/stream/XMLStreamException
Event: 212.387 Loading class javax/xml/stream/XMLStreamException done

Classes unloaded (12 events):
Event: 186.506 Thread 0x000072c0f80e4120 Unloading class 0x000072c0847318e8 '_BuildScript_$_run_closure1$_closure3'
Event: 186.506 Thread 0x000072c0f80e4120 Unloading class 0x000072c0847314f8 '_BuildScript_$_run_closure1$_closure2'
Event: 186.506 Thread 0x000072c0f80e4120 Unloading class 0x000072c084731108 '_BuildScript_$_run_closure1'
Event: 186.506 Thread 0x000072c0f80e4120 Unloading class 0x000072c084730bd0 '_BuildScript_'
Event: 186.506 Thread 0x000072c0f80e4120 Unloading class 0x000072c0847307e0 'JetGradlePlugin$_apply_closure1$_closure2$_closure3'
Event: 186.506 Thread 0x000072c0f80e4120 Unloading class 0x000072c0847303f0 'JetGradlePlugin$_apply_closure1$_closure2'
Event: 186.506 Thread 0x000072c0f80e4120 Unloading class 0x000072c084730000 'JetGradlePlugin$_apply_closure1'
Event: 186.506 Thread 0x000072c0f80e4120 Unloading class 0x000072c084729ad0 'JetGradlePlugin'
Event: 186.506 Thread 0x000072c0f80e4120 Unloading class 0x000072c084729800 'RegistryProcessor'
Event: 186.506 Thread 0x000072c0f80e4120 Unloading class 0x000072c08470c928 '_BuildScript_$_run_closure1$_closure2'
Event: 186.506 Thread 0x000072c0f80e4120 Unloading class 0x000072c08470c538 '_BuildScript_$_run_closure1'
Event: 186.506 Thread 0x000072c0f80e4120 Unloading class 0x000072c08470c000 '_BuildScript_'

Classes redefined (0 events):
No events

Internal exceptions (20 events):
Event: 214.293 Thread 0x000072c070009dd0 Exception <a 'java/lang/ClassNotFoundException'{0x00000000caafc438}: com/android/build/gradle/internal/dsl/BaseAppModuleExtension_DecoratedBeanInfo> (0x00000000caafc438) 
thrown [./src/hotspot/share/classfile/systemDictionary.cpp, line 256]
Event: 214.297 Thread 0x000072c070009dd0 Exception <a 'java/lang/ClassNotFoundException'{0x00000000ca909568}: com/android/build/gradle/internal/dsl/BaseAppModuleExtensionBeanInfo> (0x00000000ca909568) 
thrown [./src/hotspot/share/classfile/systemDictionary.cpp, line 256]
Event: 214.300 Thread 0x000072c070009dd0 Exception <a 'java/lang/ClassNotFoundException'{0x00000000ca915e20}: com/android/build/gradle/AppExtensionBeanInfo> (0x00000000ca915e20) 
thrown [./src/hotspot/share/classfile/systemDictionary.cpp, line 256]
Event: 214.303 Thread 0x000072c070009dd0 Exception <a 'java/lang/ClassNotFoundException'{0x00000000ca922848}: com/android/build/gradle/AbstractAppExtensionBeanInfo> (0x00000000ca922848) 
thrown [./src/hotspot/share/classfile/systemDictionary.cpp, line 256]
Event: 214.310 Thread 0x000072c070009dd0 Exception <a 'java/lang/ClassNotFoundException'{0x00000000ca92f218}: com/android/build/gradle/TestedExtensionBeanInfo> (0x00000000ca92f218) 
thrown [./src/hotspot/share/classfile/systemDictionary.cpp, line 256]
Event: 214.319 Thread 0x000072c070009dd0 Exception <a 'java/lang/ClassNotFoundException'{0x00000000ca93bd98}: com/android/build/gradle/BaseExtensionBeanInfo> (0x00000000ca93bd98) 
thrown [./src/hotspot/share/classfile/systemDictionary.cpp, line 256]
Event: 214.323 Thread 0x000072c070009dd0 Exception <a 'java/lang/ClassNotFoundException'{0x00000000ca948730}: com/android/build/gradle/BaseExtensionCustomizer> (0x00000000ca948730) 
thrown [./src/hotspot/share/classfile/systemDictionary.cpp, line 256]
Event: 214.379 Thread 0x000072c070009dd0 Exception <a 'java/lang/ClassNotFoundException'{0x00000000ca9aeb98}: com/android/build/gradle/TestedExtensionCustomizer> (0x00000000ca9aeb98) 
thrown [./src/hotspot/share/classfile/systemDictionary.cpp, line 256]
Event: 214.395 Thread 0x000072c070009dd0 Exception <a 'java/lang/ClassNotFoundException'{0x00000000ca9d7740}: com/android/build/gradle/AbstractAppExtensionCustomizer> (0x00000000ca9d7740) 
thrown [./src/hotspot/share/classfile/systemDictionary.cpp, line 256]
Event: 214.406 Thread 0x000072c070009dd0 Exception <a 'java/lang/ClassNotFoundException'{0x00000000ca9fa7f0}: com/android/build/gradle/AppExtensionCustomizer> (0x00000000ca9fa7f0) 
thrown [./src/hotspot/share/classfile/systemDictionary.cpp, line 256]
Event: 214.421 Thread 0x000072c070009dd0 Exception <a 'java/lang/ClassNotFoundException'{0x00000000ca81c748}: com/android/build/gradle/internal/dsl/BaseAppModuleExtensionCustomizer> (0x00000000ca81c748) 
thrown [./src/hotspot/share/classfile/systemDictionary.cpp, line 256]
Event: 214.503 Thread 0x000072c070009dd0 Exception <a 'java/lang/ClassNotFoundException'{0x00000000ca719bf0}: com/android/build/gradle/internal/dsl/BaseAppModuleExtension_DecoratedCustomizer> (0x00000000ca719bf0) 
thrown [./src/hotspot/share/classfile/systemDictionary.cpp, line 256]
Event: 215.613 Thread 0x000072c070009dd0 Exception <a 'java/lang/ClassNotFoundException'{0x00000000c9be3f98}: com/android/build/gradle/internal/dsl/DefaultConfig$AgpDecorated_DecoratedBeanInfo> (0x00000000c9be3f98) 
thrown [./src/hotspot/share/classfile/systemDictionary.cpp, line 256]
Event: 215.617 Thread 0x000072c070009dd0 Exception <a 'java/lang/ClassNotFoundException'{0x00000000c9bf21c8}: com/android/build/gradle/internal/dsl/DefaultConfig$AgpDecoratedBeanInfo> (0x00000000c9bf21c8) 
thrown [./src/hotspot/share/classfile/systemDictionary.cpp, line 256]
Event: 215.623 Thread 0x000072c070009dd0 Exception <a 'java/lang/ClassNotFoundException'{0x00000000c9a03278}: com/android/build/gradle/internal/dsl/DefaultConfigBeanInfo> (0x00000000c9a03278) 
thrown [./src/hotspot/share/classfile/systemDictionary.cpp, line 256]
Event: 215.627 Thread 0x000072c070009dd0 Exception <a 'java/lang/ClassNotFoundException'{0x00000000c9a111b8}: com/android/build/gradle/internal/dsl/BaseFlavorBeanInfo> (0x00000000c9a111b8) 
thrown [./src/hotspot/share/classfile/systemDictionary.cpp, line 256]
Event: 215.631 Thread 0x000072c070009dd0 Exception <a 'java/lang/ClassNotFoundException'{0x00000000c9a1f938}: com/android/builder/core/AbstractProductFlavorBeanInfo> (0x00000000c9a1f938) 
thrown [./src/hotspot/share/classfile/systemDictionary.cpp, line 256]
Event: 215.635 Thread 0x000072c070009dd0 Exception <a 'java/lang/ClassNotFoundException'{0x00000000c9a2e6a0}: com/android/builder/internal/BaseConfigImplBeanInfo> (0x00000000c9a2e6a0) 
thrown [./src/hotspot/share/classfile/systemDictionary.cpp, line 256]
Event: 215.639 Thread 0x000072c070009dd0 Exception <a 'java/lang/ClassNotFoundException'{0x00000000c9a3d3d0}: com/android/builder/internal/BaseConfigImplCustomizer> (0x00000000c9a3d3d0) 
thrown [./src/hotspot/share/classfile/systemDictionary.cpp, line 256]
Event: 215.652 Thread 0x000072c070009dd0 Exception <a 'java/lang/ClassNotFoundException'{0x00000000c9a6ad60}: com/android/builder/core/AbstractProductFlavorCustomizer> (0x00000000c9a6ad60) 
thrown [./src/hotspot/share/classfile/systemDictionary.cpp, line 256]

VM Operations (20 events):
Event: 206.716 Executing VM operation: Cleanup
Event: 206.716 Executing VM operation: Cleanup done
Event: 207.721 Executing VM operation: Cleanup
Event: 207.731 Executing VM operation: Cleanup done
Event: 208.740 Executing VM operation: Cleanup
Event: 208.740 Executing VM operation: Cleanup done
Event: 209.741 Executing VM operation: Cleanup
Event: 209.744 Executing VM operation: Cleanup done
Event: 210.498 Executing VM operation: G1CollectForAllocation
Event: 210.651 Executing VM operation: G1CollectForAllocation done
Event: 211.204 Executing VM operation: G1CollectForAllocation
Event: 211.376 Executing VM operation: G1CollectForAllocation done
Event: 212.378 Executing VM operation: Cleanup
Event: 212.386 Executing VM operation: Cleanup done
Event: 213.390 Executing VM operation: Cleanup
Event: 213.391 Executing VM operation: Cleanup done
Event: 214.394 Executing VM operation: Cleanup
Event: 214.395 Executing VM operation: Cleanup done
Event: 215.398 Executing VM operation: Cleanup
Event: 215.399 Executing VM operation: Cleanup done

Memory protections (20 events):
Event: 45.382 Protecting memory [0x000072c0d1f00000,0x000072c0d1f04000] with protection modes 0
Event: 57.321 Protecting memory [0x000072c0d1e00000,0x000072c0d1e04000] with protection modes 0
Event: 57.426 Protecting memory [0x000072c0d1d00000,0x000072c0d1d04000] with protection modes 0
Event: 61.701 Protecting memory [0x000072c0d1c00000,0x000072c0d1c04000] with protection modes 0
Event: 61.757 Protecting memory [0x000072c0d1b00000,0x000072c0d1b04000] with protection modes 0
Event: 63.161 Protecting memory [0x000072c0d1a00000,0x000072c0d1a04000] with protection modes 0
Event: 63.163 Protecting memory [0x000072c0d1900000,0x000072c0d1904000] with protection modes 0
Event: 83.355 Protecting memory [0x000072c0d1514000,0x000072c0d1518000] with protection modes 0
Event: 83.619 Protecting memory [0x000072c0d1414000,0x000072c0d1418000] with protection modes 0
Event: 90.981 Protecting memory [0x000072c0d1800000,0x000072c0d1804000] with protection modes 0
Event: 91.770 Protecting memory [0x000072c0d1700000,0x000072c0d1704000] with protection modes 0
Event: 99.811 Protecting memory [0x000072c0d1314000,0x000072c0d1318000] with protection modes 0
Event: 100.278 Protecting memory [0x000072c0d1214000,0x000072c0d1218000] with protection modes 0
Event: 128.554 Protecting memory [0x000072c0d1114000,0x000072c0d1118000] with protection modes 0
Event: 128.898 Protecting memory [0x000072c0d1014000,0x000072c0d1018000] with protection modes 0
Event: 159.560 Protecting memory [0x000072c0d0f14000,0x000072c0d0f18000] with protection modes 0
Event: 165.968 Protecting memory [0x000072c0d0e14000,0x000072c0d0e18000] with protection modes 0
Event: 167.085 Protecting memory [0x000072c0d0d14000,0x000072c0d0d18000] with protection modes 0
Event: 172.699 Protecting memory [0x000072c0d0c14000,0x000072c0d0c18000] with protection modes 0
Event: 198.708 Protecting memory [0x000072c0d0b14000,0x000072c0d0b18000] with protection modes 0

Nmethod flushes (20 events):
Event: 127.369 Thread 0x000072c0f80f5820 flushing  nmethod 0x000072c0e1de0210
Event: 127.369 Thread 0x000072c0f80f5820 flushing  nmethod 0x000072c0e1de0a10
Event: 127.369 Thread 0x000072c0f80f5820 flushing  nmethod 0x000072c0e1de1090
Event: 127.369 Thread 0x000072c0f80f5820 flushing  nmethod 0x000072c0e1de1510
Event: 127.369 Thread 0x000072c0f80f5820 flushing  nmethod 0x000072c0e1de3710
Event: 127.369 Thread 0x000072c0f80f5820 flushing  nmethod 0x000072c0e1de3d10
Event: 127.369 Thread 0x000072c0f80f5820 flushing  nmethod 0x000072c0e1de4090
Event: 127.369 Thread 0x000072c0f80f5820 flushing  nmethod 0x000072c0e1de5090
Event: 127.369 Thread 0x000072c0f80f5820 flushing  nmethod 0x000072c0e1de9290
Event: 127.369 Thread 0x000072c0f80f5820 flushing  nmethod 0x000072c0e1de9610
Event: 127.377 Thread 0x000072c0f80f5820 flushing  nmethod 0x000072c0e1e08490
Event: 179.317 Thread 0x000072c0f80f5820 flushing  nmethod 0x000072c0e1ddeb90
Event: 179.317 Thread 0x000072c0f80f5820 flushing  nmethod 0x000072c0e1df2290
Event: 179.317 Thread 0x000072c0f80f5820 flushing  nmethod 0x000072c0e1e0e290
Event: 179.317 Thread 0x000072c0f80f5820 flushing  nmethod 0x000072c0e1e13090
Event: 179.317 Thread 0x000072c0f80f5820 flushing  nmethod 0x000072c0e1e19f90
Event: 179.317 Thread 0x000072c0f80f5820 flushing  nmethod 0x000072c0e1e1ae10
Event: 179.317 Thread 0x000072c0f80f5820 flushing  nmethod 0x000072c0e1e22b10
Event: 179.318 Thread 0x000072c0f80f5820 flushing  nmethod 0x000072c0e1e2be90
Event: 179.318 Thread 0x000072c0f80f5820 flushing  nmethod 0x000072c0e1e37190

Events (20 events):
Event: 45.382 Thread 0x000072c070009dd0 Thread added: 0x000072c0c4409200
Event: 57.320 Thread 0x000072c070009dd0 Thread added: 0x000072c0c460bc60
Event: 57.425 Thread 0x000072c070009dd0 Thread added: 0x000072c0c46fd7b0
Event: 61.700 Thread 0x000072c070009dd0 Thread added: 0x000072c0c47ed540
Event: 61.755 Thread 0x000072c070009dd0 Thread added: 0x000072c0c47ef350
Event: 63.160 Thread 0x000072c070009dd0 Thread added: 0x000072c0c41a4320
Event: 63.163 Thread 0x000072c070009dd0 Thread added: 0x000072c0c41a0060
Event: 83.351 Thread 0x000072c070009dd0 Thread added: 0x000072c0c4d5f110
Event: 83.616 Thread 0x000072c070009dd0 Thread added: 0x000072c0c4d95fb0
Event: 90.981 Thread 0x000072c070009dd0 Thread added: 0x000072c0c50c3a30
Event: 91.770 Thread 0x000072c070009dd0 Thread added: 0x000072c0c50e0880
Event: 99.811 Thread 0x000072c070009dd0 Thread added: 0x000072c0c4d81ea0
Event: 100.276 Thread 0x000072c070009dd0 Thread added: 0x000072c0c4efa190
Event: 128.552 Thread 0x000072c070009dd0 Thread added: 0x000072c0c4a6e6d0
Event: 128.896 Thread 0x000072c070009dd0 Thread added: 0x000072c0c4a6edf0
Event: 159.547 Thread 0x000072c070009dd0 Thread added: 0x000072c0c4fb3500
Event: 165.968 Thread 0x000072c070009dd0 Thread added: 0x000072c0c5466430
Event: 167.085 Thread 0x000072c070009dd0 Thread added: 0x000072c0c54dfbd0
Event: 172.697 Thread 0x000072c070009dd0 Thread added: 0x000072c0c5590400
Event: 198.703 Thread 0x000072c070009dd0 Thread added: 0x000072c0c4e70dd0


Dynamic libraries:
c0000000-cc300000 rw-p 00000000 00:00 0 
cc300000-ffe00000 ---p 00000000 00:00 0 
ffe00000-ffe75000 rw-p 00c77000 08:03 8791665                            /usr/lib/jvm/java-17-openjdk-amd64/lib/server/classes.jsa
ffe75000-fff00000 rw-p 00000000 00:00 0 
fff00000-fff78000 rw-p 00bff000 08:03 8791665                            /usr/lib/jvm/java-17-openjdk-amd64/lib/server/classes.jsa
fff78000-100000000 rw-p 00000000 00:00 0 
62ed47d8c000-62ed47d8d000 r--p 00000000 08:03 8791579                    /usr/lib/jvm/java-17-openjdk-amd64/bin/java
62ed47d8d000-62ed47d8e000 r-xp 00001000 08:03 8791579                    /usr/lib/jvm/java-17-openjdk-amd64/bin/java
62ed47d8e000-62ed47d8f000 r--p 00002000 08:03 8791579                    /usr/lib/jvm/java-17-openjdk-amd64/bin/java
62ed47d8f000-62ed47d90000 r--p 00002000 08:03 8791579                    /usr/lib/jvm/java-17-openjdk-amd64/bin/java
62ed47d90000-62ed47d91000 rw-p 00003000 08:03 8791579                    /usr/lib/jvm/java-17-openjdk-amd64/bin/java
62ed5fb37000-62ed5fba0000 rw-p 00000000 00:00 0                          [heap]
72c058000000-72c058032000 rw-p 00000000 00:00 0 
72c058032000-72c05c000000 ---p 00000000 00:00 0 
72c060000000-72c06279d000 rw-p 00000000 00:00 0 
72c06279d000-72c064000000 ---p 00000000 00:00 0 
72c064000000-72c064df7000 rw-p 00000000 00:00 0 
72c064df7000-72c068000000 ---p 00000000 00:00 0 
72c068000000-72c068055000 rw-p 00000000 00:00 0 
72c068055000-72c06c000000 ---p 00000000 00:00 0 
72c06c000000-72c06c021000 rw-p 00000000 00:00 0 
72c06c021000-72c070000000 ---p 00000000 00:00 0 
72c070000000-72c070021000 rw-p 00000000 00:00 0 
72c070021000-72c074000000 ---p 00000000 00:00 0 
72c074000000-72c074021000 rw-p 00000000 00:00 0 
72c074021000-72c078000000 ---p 00000000 00:00 0 
72c078000000-72c07805b000 rw-p 00000000 00:00 0 
72c07805b000-72c07c000000 ---p 00000000 00:00 0 
72c07f000000-72c07f3f0000 rw-p 00000000 00:00 0 
72c07f3f0000-72c07f7b0000 rw-p 00000000 00:00 0 
72c07f7b0000-72c07f7f0000 rw-p 00000000 00:00 0 
72c07f7f0000-72c07f8f0000 rw-p 00000000 00:00 0 
72c07f8f0000-72c07f9f0000 rw-p 00000000 00:00 0 
72c07f9f0000-72c0801f0000 rw-p 00000000 00:00 0 
72c0801f0000-72c0804f0000 rw-p 00000000 00:00 0 
72c0804f0000-72c0805f0000 rw-p 00000000 00:00 0 
72c0805f0000-72c080930000 rw-p 00000000 00:00 0 
72c080930000-72c080970000 rw-p 00000000 00:00 0 
72c080970000-72c080af0000 rw-p 00000000 00:00 0 
72c080af0000-72c080bf0000 rw-p 00000000 00:00 0 
72c080bf0000-72c0818f0000 rw-p 00000000 00:00 0 
72c0818f0000-72c0819f0000 rw-p 00000000 00:00 0 
72c0819f0000-72c082a90000 rw-p 00000000 00:00 0 
72c082a90000-72c082b00000 ---p 00000000 00:00 0 
72c082b00000-72c082ef0000 rw-p 00000000 00:00 0 
72c082ef0000-72c083000000 ---p 00000000 00:00 0 
72c083000000-72c083bc7000 rw-p 00001000 08:03 8791665                    /usr/lib/jvm/java-17-openjdk-amd64/lib/server/classes.jsa
72c083bc7000-72c084000000 ---p 00000000 00:00 0 
72c084000000-72c084030000 rw-p 00000000 00:00 0 
72c084030000-72c084070000 rw-p 00000000 00:00 0 
72c084070000-72c084130000 rw-p 00000000 00:00 0 
72c084130000-72c084170000 rw-p 00000000 00:00 0 
72c084170000-72c084430000 rw-p 00000000 00:00 0 
72c084430000-72c0844f0000 rw-p 00000000 00:00 0 
72c0844f0000-72c0849b0000 rw-p 00000000 00:00 0 
72c0849b0000-72c0849d0000 rw-p 00000000 00:00 0 
72c0849d0000-72c084a00000 ---p 00000000 00:00 0 
72c084a00000-72c084a70000 rw-p 00000000 00:00 0 
72c084a70000-72c0c4000000 ---p 00000000 00:00 0 
72c0c4000000-72c0c5e1e000 rw-p 00000000 00:00 0 
72c0c5e1e000-72c0c8000000 ---p 00000000 00:00 0 
72c0c8000000-72c0c803e000 rw-p 00000000 00:00 0 
72c0c803e000-72c0cc000000 ---p 00000000 00:00 0 
72c0cc000000-72c0cc026000 rw-p 00000000 00:00 0 
72c0cc026000-72c0d0000000 ---p 00000000 00:00 0 
72c0d0b14000-72c0d0b18000 ---p 00000000 00:00 0 
72c0d0b18000-72c0d0c14000 rw-p 00000000 00:00 0 
72c0d0c14000-72c0d0c18000 ---p 00000000 00:00 0 
72c0d0c18000-72c0d0d14000 rw-p 00000000 00:00 0 
72c0d0d14000-72c0d0d18000 ---p 00000000 00:00 0 
72c0d0d18000-72c0d0e14000 rw-p 00000000 00:00 0 
72c0d0e14000-72c0d0e18000 ---p 00000000 00:00 0 
72c0d0e18000-72c0d0f14000 rw-p 00000000 00:00 0 
72c0d0f14000-72c0d0f18000 ---p 00000000 00:00 0 
72c0d0f18000-72c0d1014000 rw-p 00000000 00:00 0 
72c0d1014000-72c0d1018000 ---p 00000000 00:00 0 
72c0d1018000-72c0d1114000 rw-p 00000000 00:00 0 
72c0d1114000-72c0d1118000 ---p 00000000 00:00 0 
72c0d1118000-72c0d1214000 rw-p 00000000 00:00 0 
72c0d1214000-72c0d1218000 ---p 00000000 00:00 0 
72c0d1218000-72c0d1314000 rw-p 00000000 00:00 0 
72c0d1314000-72c0d1318000 ---p 00000000 00:00 0 
72c0d1318000-72c0d1414000 rw-p 00000000 00:00 0 
72c0d1414000-72c0d1418000 ---p 00000000 00:00 0 
72c0d1418000-72c0d1514000 rw-p 00000000 00:00 0 
72c0d1514000-72c0d1518000 ---p 00000000 00:00 0 
72c0d1518000-72c0d1614000 rw-p 00000000 00:00 0 
72c0d1700000-72c0d1704000 ---p 00000000 00:00 0 
72c0d1704000-72c0d1800000 rw-p 00000000 00:00 0 
72c0d1800000-72c0d1804000 ---p 00000000 00:00 0 
72c0d1804000-72c0d1900000 rw-p 00000000 00:00 0 
72c0d1900000-72c0d1904000 ---p 00000000 00:00 0 
72c0d1904000-72c0d1a00000 rw-p 00000000 00:00 0 
72c0d1a00000-72c0d1a04000 ---p 00000000 00:00 0 
72c0d1a04000-72c0d1b00000 rw-p 00000000 00:00 0 
72c0d1b00000-72c0d1b04000 ---p 00000000 00:00 0 
72c0d1b04000-72c0d1c00000 rw-p 00000000 00:00 0 
72c0d1c00000-72c0d1c04000 ---p 00000000 00:00 0 
72c0d1c04000-72c0d1d00000 rw-p 00000000 00:00 0 
72c0d1d00000-72c0d1d04000 ---p 00000000 00:00 0 
72c0d1d04000-72c0d1e00000 rw-p 00000000 00:00 0 
72c0d1e00000-72c0d1e04000 ---p 00000000 00:00 0 
72c0d1e04000-72c0d1f00000 rw-p 00000000 00:00 0 
72c0d1f00000-72c0d1f04000 ---p 00000000 00:00 0 
72c0d1f04000-72c0d2000000 rw-p 00000000 00:00 0 
72c0d2000000-72c0d4000000 rw-p 00000000 00:00 0 
72c0d4000000-72c0d402a000 rw-p 00000000 00:00 0 
72c0d402a000-72c0d8000000 ---p 00000000 00:00 0 
72c0d8000000-72c0d8035000 rw-p 00000000 00:00 0 
72c0d8035000-72c0dc000000 ---p 00000000 00:00 0 
72c0dc000000-72c0dc041000 rw-p 00000000 00:00 0 
72c0dc041000-72c0e0000000 ---p 00000000 00:00 0 
72c0e0000000-72c0e0004000 ---p 00000000 00:00 0 
72c0e0004000-72c0e0100000 rw-p 00000000 00:00 0 
72c0e0100000-72c0e0104000 ---p 00000000 00:00 0 
72c0e0104000-72c0e0200000 rw-p 00000000 00:00 0 
72c0e0200000-72c0e0204000 ---p 00000000 00:00 0 
72c0e0204000-72c0e0300000 rw-p 00000000 00:00 0 
72c0e0300000-72c0e0304000 ---p 00000000 00:00 0 
72c0e0304000-72c0e0400000 rw-p 00000000 00:00 0 
72c0e0400000-72c0e0404000 ---p 00000000 00:00 0 
72c0e0404000-72c0e0500000 rw-p 00000000 00:00 0 
72c0e0500000-72c0e0504000 ---p 00000000 00:00 0 
72c0e0504000-72c0e0600000 rw-p 00000000 00:00 0 
72c0e0600000-72c0e0604000 ---p 00000000 00:00 0 
72c0e0604000-72c0e0700000 rw-p 00000000 00:00 0 
72c0e0700000-72c0e0704000 ---p 00000000 00:00 0 
72c0e0704000-72c0e0800000 rw-p 00000000 00:00 0 
72c0e0800000-72c0e0804000 ---p 00000000 00:00 0 
72c0e0804000-72c0e0900000 rw-p 00000000 00:00 0 
72c0e0900000-72c0e0904000 ---p 00000000 00:00 0 
72c0e0904000-72c0e0a00000 rw-p 00000000 00:00 0 
72c0e0a00000-72c0e0a04000 ---p 00000000 00:00 0 
72c0e0a04000-72c0e0b00000 rw-p 00000000 00:00 0 
72c0e0b00000-72c0e0b04000 ---p 00000000 00:00 0 
72c0e0b04000-72c0e0c00000 rw-p 00000000 00:00 0 
72c0e0c00000-72c0e0c05000 r-xp 00000000 08:03 9209837                    /home/indra/.gradle/native/1def1411415f61bf3af743bc5b6707747c0891f09f0c88961ee8f79bc544acac/linux-amd64/libnative-platform.so
72c0e0c05000-72c0e0e05000 ---p 00005000 08:03 9209837                    /home/indra/.gradle/native/1def1411415f61bf3af743bc5b6707747c0891f09f0c88961ee8f79bc544acac/linux-amd64/libnative-platform.so
72c0e0e05000-72c0e0e06000 r--p 00005000 08:03 9209837                    /home/indra/.gradle/native/1def1411415f61bf3af743bc5b6707747c0891f09f0c88961ee8f79bc544acac/linux-amd64/libnative-platform.so
72c0e0e06000-72c0e0e07000 rw-p 00006000 08:03 9209837                    /home/indra/.gradle/native/1def1411415f61bf3af743bc5b6707747c0891f09f0c88961ee8f79bc544acac/linux-amd64/libnative-platform.so
72c0e0efe000-72c0e0eff000 ---p 00000000 00:00 0 
72c0e0eff000-72c0e0fff000 rw-p 00000000 00:00 0 
72c0e0fff000-72c0e1000000 ---p 00000000 00:00 0 
72c0e1000000-72c0e1100000 rw-p 00000000 00:00 0 
72c0e1100000-72c0e1104000 ---p 00000000 00:00 0 
72c0e1104000-72c0e1200000 rw-p 00000000 00:00 0 
72c0e1200000-72c0e1204000 ---p 00000000 00:00 0 
72c0e1204000-72c0e1300000 rw-p 00000000 00:00 0 
72c0e1300000-72c0e1304000 ---p 00000000 00:00 0 
72c0e1304000-72c0e1400000 rw-p 00000000 00:00 0 
72c0e1400000-72c0e2450000 rwxp 00000000 00:00 0 
72c0e2450000-72c0e8938000 ---p 00000000 00:00 0 
72c0e8938000-72c0e8ba8000 rwxp 00000000 00:00 0 
72c0e8ba8000-72c0e8ec7000 ---p 00000000 00:00 0 
72c0e8ec7000-72c0e9207000 rwxp 00000000 00:00 0 
72c0e9207000-72c0f0400000 ---p 00000000 00:00 0 
72c0f0400000-72c0f7eec000 r--s 00000000 08:03 8791664                    /usr/lib/jvm/java-17-openjdk-amd64/lib/modules
72c0f7ef0000-72c0f7ef7000 r--s 00000000 08:03 7998055                    /usr/lib/x86_64-linux-gnu/gconv/gconv-modules.cache
72c0f7ef7000-72c0f7ef9000 r--p 00000000 08:03 8791653                    /usr/lib/jvm/java-17-openjdk-amd64/lib/libmanagement_ext.so
72c0f7ef9000-72c0f7efc000 r-xp 00002000 08:03 8791653                    /usr/lib/jvm/java-17-openjdk-amd64/lib/libmanagement_ext.so
72c0f7efc000-72c0f7efe000 r--p 00005000 08:03 8791653                    /usr/lib/jvm/java-17-openjdk-amd64/lib/libmanagement_ext.so
72c0f7efe000-72c0f7eff000 r--p 00006000 08:03 8791653                    /usr/lib/jvm/java-17-openjdk-amd64/lib/libmanagement_ext.so
72c0f7eff000-72c0f7f00000 rw-p 00007000 08:03 8791653                    /usr/lib/jvm/java-17-openjdk-amd64/lib/libmanagement_ext.so
72c0f7f00000-72c0f7f04000 ---p 00000000 00:00 0 
72c0f7f04000-72c0f8000000 rw-p 00000000 00:00 0 
72c0f8000000-72c0f93b8000 rw-p 00000000 00:00 0 
72c0f93b8000-72c0fc000000 ---p 00000000 00:00 0 
72c0fc000000-72c0fc004000 ---p 00000000 00:00 0 
72c0fc004000-72c0fc100000 rw-p 00000000 00:00 0 
72c0fc100000-72c0fc104000 ---p 00000000 00:00 0 
72c0fc104000-72c0fc200000 rw-p 00000000 00:00 0 
72c0fc200000-72c0fc204000 ---p 00000000 00:00 0 
72c0fc204000-72c0fc300000 rw-p 00000000 00:00 0 
72c0fc300000-72c0fc304000 ---p 00000000 00:00 0 
72c0fc304000-72c0fc400000 rw-p 00000000 00:00 0 
72c0fc400000-72c0fc973000 r--p 00000000 08:03 7998835                    /usr/lib/locale/locale-archive
72c0fc974000-72c0fc975000 r--p 00000000 08:03 8791635                    /usr/lib/jvm/java-17-openjdk-amd64/lib/libextnet.so
72c0fc975000-72c0fc976000 r-xp 00001000 08:03 8791635                    /usr/lib/jvm/java-17-openjdk-amd64/lib/libextnet.so
72c0fc976000-72c0fc977000 r--p 00002000 08:03 8791635                    /usr/lib/jvm/java-17-openjdk-amd64/lib/libextnet.so
72c0fc977000-72c0fc978000 r--p 00002000 08:03 8791635                    /usr/lib/jvm/java-17-openjdk-amd64/lib/libextnet.so
72c0fc978000-72c0fc979000 rw-p 00003000 08:03 8791635                    /usr/lib/jvm/java-17-openjdk-amd64/lib/libextnet.so
72c0fc979000-72c0fc9b5000 r--p 00000000 08:03 10514631                   /home/indra/.gradle/native/0.2.7/x86_64-linux-gnu/libgradle-fileevents.so
72c0fc9b5000-72c0fc9fd000 r-xp 0003b000 08:03 10514631                   /home/indra/.gradle/native/0.2.7/x86_64-linux-gnu/libgradle-fileevents.so
72c0fc9fd000-72c0fca06000 r--p 00082000 08:03 10514631                   /home/indra/.gradle/native/0.2.7/x86_64-linux-gnu/libgradle-fileevents.so
72c0fca06000-72c0fca07000 rw-p 0008a000 08:03 10514631                   /home/indra/.gradle/native/0.2.7/x86_64-linux-gnu/libgradle-fileevents.so
72c0fca07000-72c0fca0a000 rw-p 00000000 00:00 0 
72c0fca0a000-72c0fca0e000 ---p 00000000 00:00 0 
72c0fca0e000-72c0fcb0a000 rw-p 00000000 00:00 0 
72c0fcb0a000-72c0fcb0e000 ---p 00000000 00:00 0 
72c0fcb0e000-72c0fcc0a000 rw-p 00000000 00:00 0 
72c0fcc0a000-72c0fcc0b000 ---p 00000000 00:00 0 
72c0fcc0b000-72c0fcd0b000 rw-p 00000000 00:00 0 
72c0fcd0b000-72c0fcd10000 r--p 00000000 08:03 8791649                    /usr/lib/jvm/java-17-openjdk-amd64/lib/libjsvml.so
72c0fcd10000-72c0fcd51000 r-xp 00005000 08:03 8791649                    /usr/lib/jvm/java-17-openjdk-amd64/lib/libjsvml.so
72c0fcd51000-72c0fcdda000 r--p 00046000 08:03 8791649                    /usr/lib/jvm/java-17-openjdk-amd64/lib/libjsvml.so
72c0fcdda000-72c0fcddb000 r--p 000ce000 08:03 8791649                    /usr/lib/jvm/java-17-openjdk-amd64/lib/libjsvml.so
72c0fcddb000-72c0fcddc000 rw-p 000cf000 08:03 8791649                    /usr/lib/jvm/java-17-openjdk-amd64/lib/libjsvml.so
72c0fcddc000-72c0fcef9000 rw-p 00000000 00:00 0 
72c0fcef9000-72c0fcefa000 ---p 00000000 00:00 0 
72c0fcefa000-72c0fcffa000 rw-p 00000000 00:00 0 
72c0fcffa000-72c0fcffb000 ---p 00000000 00:00 0 
72c0fcffb000-72c0fd0fb000 rw-p 00000000 00:00 0 
72c0fd0fb000-72c0fd2fd000 rw-p 00000000 00:00 0 
72c0fd2fd000-72c0fd2fe000 ---p 00000000 00:00 0 
72c0fd2fe000-72c0fd3fe000 rw-p 00000000 00:00 0 
72c0fd3fe000-72c0fd3ff000 ---p 00000000 00:00 0 
72c0fd3ff000-72c0fd4ff000 rw-p 00000000 00:00 0 
72c0fd4ff000-72c0fd500000 ---p 00000000 00:00 0 
72c0fd500000-72c0fd600000 rw-p 00000000 00:00 0 
72c0fd600000-72c0fd90c000 rw-p 00000000 00:00 0 
72c0fd90c000-72c0fe5f8000 ---p 00000000 00:00 0 
72c0fe5f8000-72c0fe90c000 rw-p 00000000 00:00 0 
72c0fe90c000-72c0ff5f8000 ---p 00000000 00:00 0 
72c0ff5f8000-72c0ff662000 rw-p 00000000 00:00 0 
72c0ff662000-72c0ff7ff000 ---p 00000000 00:00 0 
72c0ff7ff000-72c0ff862000 rw-p 00000000 00:00 0 
72c0ff862000-72c0ff9ff000 ---p 00000000 00:00 0 
72c0ff9ff000-72c0ffa62000 rw-p 00000000 00:00 0 
72c0ffa62000-72c0ffbff000 ---p 00000000 00:00 0 
72c0ffbff000-72c0ffc00000 rw-p 00000000 00:00 0 
72c0ffc03000-72c0ffc07000 r--p 00000000 08:03 8791662                    /usr/lib/jvm/java-17-openjdk-amd64/lib/libverify.so
72c0ffc07000-72c0ffc0e000 r-xp 00004000 08:03 8791662                    /usr/lib/jvm/java-17-openjdk-amd64/lib/libverify.so
72c0ffc0e000-72c0ffc10000 r--p 0000b000 08:03 8791662                    /usr/lib/jvm/java-17-openjdk-amd64/lib/libverify.so
72c0ffc10000-72c0ffc12000 r--p 0000c000 08:03 8791662                    /usr/lib/jvm/java-17-openjdk-amd64/lib/libverify.so
72c0ffc12000-72c0ffc13000 rw-p 0000e000 08:03 8791662                    /usr/lib/jvm/java-17-openjdk-amd64/lib/libverify.so
72c0ffc13000-72c0ffe1c000 rw-p 00000000 00:00 0 
72c0ffe1c000-72c0fff00000 ---p 00000000 00:00 0 
72c0fff00000-72c0fff04000 ---p 00000000 00:00 0 
72c0fff04000-72c100000000 rw-p 00000000 00:00 0 
72c100000000-72c10009a000 r--p 00000000 08:03 7997677                    /usr/lib/x86_64-linux-gnu/libstdc++.so.6.0.30
72c10009a000-72c1001ab000 r-xp 0009a000 08:03 7997677                    /usr/lib/x86_64-linux-gnu/libstdc++.so.6.0.30
72c1001ab000-72c10021a000 r--p 001ab000 08:03 7997677                    /usr/lib/x86_64-linux-gnu/libstdc++.so.6.0.30
72c10021a000-72c10021b000 ---p 0021a000 08:03 7997677                    /usr/lib/x86_64-linux-gnu/libstdc++.so.6.0.30
72c10021b000-72c100226000 r--p 0021a000 08:03 7997677                    /usr/lib/x86_64-linux-gnu/libstdc++.so.6.0.30
72c100226000-72c100229000 rw-p 00225000 08:03 7997677                    /usr/lib/x86_64-linux-gnu/libstdc++.so.6.0.30
72c100229000-72c10022c000 rw-p 00000000 00:00 0 
72c10022e000-72c10024f000 rw-p 00000000 00:00 0 
72c10024f000-72c100319000 ---p 00000000 00:00 0 
72c100319000-72c100327000 r--p 00000000 08:03 7997702                    /usr/lib/x86_64-linux-gnu/libm.so.6
72c100327000-72c1003a3000 r-xp 0000e000 08:03 7997702                    /usr/lib/x86_64-linux-gnu/libm.so.6
72c1003a3000-72c1003fe000 r--p 0008a000 08:03 7997702                    /usr/lib/x86_64-linux-gnu/libm.so.6
72c1003fe000-72c1003ff000 r--p 000e4000 08:03 7997702                    /usr/lib/x86_64-linux-gnu/libm.so.6
72c1003ff000-72c100400000 rw-p 000e5000 08:03 7997702                    /usr/lib/x86_64-linux-gnu/libm.so.6
72c100400000-72c100651000 r--p 00000000 08:03 8791668                    /usr/lib/jvm/java-17-openjdk-amd64/lib/server/libjvm.so
72c100651000-72c1013c5000 r-xp 00251000 08:03 8791668                    /usr/lib/jvm/java-17-openjdk-amd64/lib/server/libjvm.so
72c1013c5000-72c101648000 r--p 00fc5000 08:03 8791668                    /usr/lib/jvm/java-17-openjdk-amd64/lib/server/libjvm.so
72c101648000-72c101649000 ---p 01248000 08:03 8791668                    /usr/lib/jvm/java-17-openjdk-amd64/lib/server/libjvm.so
72c101649000-72c101701000 r--p 01248000 08:03 8791668                    /usr/lib/jvm/java-17-openjdk-amd64/lib/server/libjvm.so
72c101701000-72c101736000 rw-p 01300000 08:03 8791668                    /usr/lib/jvm/java-17-openjdk-amd64/lib/server/libjvm.so
72c101736000-72c101790000 rw-p 00000000 00:00 0 
72c101791000-72c101793000 r--p 00000000 08:03 8791651                    /usr/lib/jvm/java-17-openjdk-amd64/lib/libmanagement.so
72c101793000-72c101794000 r-xp 00002000 08:03 8791651                    /usr/lib/jvm/java-17-openjdk-amd64/lib/libmanagement.so
72c101794000-72c101795000 r--p 00003000 08:03 8791651                    /usr/lib/jvm/java-17-openjdk-amd64/lib/libmanagement.so
72c101795000-72c101796000 r--p 00003000 08:03 8791651                    /usr/lib/jvm/java-17-openjdk-amd64/lib/libmanagement.so
72c101796000-72c101797000 rw-p 00004000 08:03 8791651                    /usr/lib/jvm/java-17-openjdk-amd64/lib/libmanagement.so
72c101797000-72c10179b000 r--p 00000000 08:03 8791655                    /usr/lib/jvm/java-17-openjdk-amd64/lib/libnet.so
72c10179b000-72c1017a9000 r-xp 00004000 08:03 8791655                    /usr/lib/jvm/java-17-openjdk-amd64/lib/libnet.so
72c1017a9000-72c1017ad000 r--p 00012000 08:03 8791655                    /usr/lib/jvm/java-17-openjdk-amd64/lib/libnet.so
72c1017ad000-72c1017ae000 r--p 00015000 08:03 8791655                    /usr/lib/jvm/java-17-openjdk-amd64/lib/libnet.so
72c1017ae000-72c1017af000 rw-p 00016000 08:03 8791655                    /usr/lib/jvm/java-17-openjdk-amd64/lib/libnet.so
72c1017af000-72c1017b6000 r--p 00000000 08:03 8791656                    /usr/lib/jvm/java-17-openjdk-amd64/lib/libnio.so
72c1017b6000-72c1017bf000 r-xp 00007000 08:03 8791656                    /usr/lib/jvm/java-17-openjdk-amd64/lib/libnio.so
72c1017bf000-72c1017c3000 r--p 00010000 08:03 8791656                    /usr/lib/jvm/java-17-openjdk-amd64/lib/libnio.so
72c1017c3000-72c1017c4000 ---p 00014000 08:03 8791656                    /usr/lib/jvm/java-17-openjdk-amd64/lib/libnio.so
72c1017c4000-72c1017c5000 r--p 00014000 08:03 8791656                    /usr/lib/jvm/java-17-openjdk-amd64/lib/libnio.so
72c1017c5000-72c1017c6000 rw-p 00015000 08:03 8791656                    /usr/lib/jvm/java-17-openjdk-amd64/lib/libnio.so
72c1017c6000-72c1017c8000 r--p 00000000 08:03 8791663                    /usr/lib/jvm/java-17-openjdk-amd64/lib/libzip.so
72c1017c8000-72c1017cd000 r-xp 00002000 08:03 8791663                    /usr/lib/jvm/java-17-openjdk-amd64/lib/libzip.so
72c1017cd000-72c1017cf000 r--p 00007000 08:03 8791663                    /usr/lib/jvm/java-17-openjdk-amd64/lib/libzip.so
72c1017cf000-72c1017d0000 r--p 00008000 08:03 8791663                    /usr/lib/jvm/java-17-openjdk-amd64/lib/libzip.so
72c1017d0000-72c1017d1000 rw-p 00009000 08:03 8791663                    /usr/lib/jvm/java-17-openjdk-amd64/lib/libzip.so
72c1017d1000-72c1017f9000 rw-p 00000000 00:00 0 
72c1017f9000-72c101800000 ---p 00000000 00:00 0 
72c101800000-72c101828000 r--p 00000000 08:03 7997692                    /usr/lib/x86_64-linux-gnu/libc.so.6
72c101828000-72c1019bd000 r-xp 00028000 08:03 7997692                    /usr/lib/x86_64-linux-gnu/libc.so.6
72c1019bd000-72c101a15000 r--p 001bd000 08:03 7997692                    /usr/lib/x86_64-linux-gnu/libc.so.6
72c101a15000-72c101a16000 ---p 00215000 08:03 7997692                    /usr/lib/x86_64-linux-gnu/libc.so.6
72c101a16000-72c101a1a000 r--p 00215000 08:03 7997692                    /usr/lib/x86_64-linux-gnu/libc.so.6
72c101a1a000-72c101a1c000 rw-p 00219000 08:03 7997692                    /usr/lib/x86_64-linux-gnu/libc.so.6
72c101a1c000-72c101a29000 rw-p 00000000 00:00 0 
72c101a2c000-72c101a2d000 r--p 00000000 08:03 7997700                    /usr/lib/x86_64-linux-gnu/libdl.so.2
72c101a2d000-72c101a2e000 r-xp 00001000 08:03 7997700                    /usr/lib/x86_64-linux-gnu/libdl.so.2
72c101a2e000-72c101a2f000 r--p 00002000 08:03 7997700                    /usr/lib/x86_64-linux-gnu/libdl.so.2
72c101a2f000-72c101a30000 r--p 00002000 08:03 7997700                    /usr/lib/x86_64-linux-gnu/libdl.so.2
72c101a30000-72c101a31000 rw-p 00003000 08:03 7997700                    /usr/lib/x86_64-linux-gnu/libdl.so.2
72c101a31000-72c101a39000 rw-s 00000000 08:03 14287097                   /tmp/hsperfdata_indra/19168
72c101a39000-72c101a45000 r--p 00000000 08:03 8791642                    /usr/lib/jvm/java-17-openjdk-amd64/lib/libjava.so
72c101a45000-72c101a58000 r-xp 0000c000 08:03 8791642                    /usr/lib/jvm/java-17-openjdk-amd64/lib/libjava.so
72c101a58000-72c101a5e000 r--p 0001f000 08:03 8791642                    /usr/lib/jvm/java-17-openjdk-amd64/lib/libjava.so
72c101a5e000-72c101a5f000 r--p 00024000 08:03 8791642                    /usr/lib/jvm/java-17-openjdk-amd64/lib/libjava.so
72c101a5f000-72c101a60000 rw-p 00025000 08:03 8791642                    /usr/lib/jvm/java-17-openjdk-amd64/lib/libjava.so
72c101a60000-72c101a61000 rw-p 00000000 00:00 0 
72c101a61000-72c101a62000 r--p 00000000 08:03 8791637                    /usr/lib/jvm/java-17-openjdk-amd64/lib/libinstrument.so
72c101a62000-72c101a68000 r-xp 00001000 08:03 8791637                    /usr/lib/jvm/java-17-openjdk-amd64/lib/libinstrument.so
72c101a68000-72c101a6b000 r--p 00007000 08:03 8791637                    /usr/lib/jvm/java-17-openjdk-amd64/lib/libinstrument.so
72c101a6b000-72c101a6c000 r--p 00009000 08:03 8791637                    /usr/lib/jvm/java-17-openjdk-amd64/lib/libinstrument.so
72c101a6c000-72c101a6d000 rw-p 0000a000 08:03 8791637                    /usr/lib/jvm/java-17-openjdk-amd64/lib/libinstrument.so
72c101a6d000-72c101a70000 r--p 00000000 08:03 7997676                    /usr/lib/x86_64-linux-gnu/libgcc_s.so.1
72c101a70000-72c101a87000 r-xp 00003000 08:03 7997676                    /usr/lib/x86_64-linux-gnu/libgcc_s.so.1
72c101a87000-72c101a8b000 r--p 0001a000 08:03 7997676                    /usr/lib/x86_64-linux-gnu/libgcc_s.so.1
72c101a8b000-72c101a8c000 r--p 0001d000 08:03 7997676                    /usr/lib/x86_64-linux-gnu/libgcc_s.so.1
72c101a8c000-72c101a8d000 rw-p 0001e000 08:03 7997676                    /usr/lib/x86_64-linux-gnu/libgcc_s.so.1
72c101a8d000-72c101a90000 rw-p 00000000 00:00 0 
72c101a90000-72c101a92000 r--p 00000000 08:03 8791646                    /usr/lib/jvm/java-17-openjdk-amd64/lib/libjli.so
72c101a92000-72c101a9c000 r-xp 00002000 08:03 8791646                    /usr/lib/jvm/java-17-openjdk-amd64/lib/libjli.so
72c101a9c000-72c101a9f000 r--p 0000c000 08:03 8791646                    /usr/lib/jvm/java-17-openjdk-amd64/lib/libjli.so
72c101a9f000-72c101aa0000 r--p 0000e000 08:03 8791646                    /usr/lib/jvm/java-17-openjdk-amd64/lib/libjli.so
72c101aa0000-72c101aa1000 rw-p 0000f000 08:03 8791646                    /usr/lib/jvm/java-17-openjdk-amd64/lib/libjli.so
72c101aa1000-72c101aa3000 r--p 00000000 08:03 8022879                    /usr/lib/x86_64-linux-gnu/libz.so.1.2.11
72c101aa3000-72c101ab4000 r-xp 00002000 08:03 8022879                    /usr/lib/x86_64-linux-gnu/libz.so.1.2.11
72c101ab4000-72c101aba000 r--p 00013000 08:03 8022879                    /usr/lib/x86_64-linux-gnu/libz.so.1.2.11
72c101aba000-72c101abb000 ---p 00019000 08:03 8022879                    /usr/lib/x86_64-linux-gnu/libz.so.1.2.11
72c101abb000-72c101abc000 r--p 00019000 08:03 8022879                    /usr/lib/x86_64-linux-gnu/libz.so.1.2.11
72c101abc000-72c101abd000 rw-p 0001a000 08:03 8022879                    /usr/lib/x86_64-linux-gnu/libz.so.1.2.11
72c101abf000-72c101ac0000 r--p 00000000 08:03 7997727                    /usr/lib/x86_64-linux-gnu/libpthread.so.0
72c101ac0000-72c101ac1000 r-xp 00001000 08:03 7997727                    /usr/lib/x86_64-linux-gnu/libpthread.so.0
72c101ac1000-72c101ac2000 r--p 00002000 08:03 7997727                    /usr/lib/x86_64-linux-gnu/libpthread.so.0
72c101ac2000-72c101ac3000 r--p 00002000 08:03 7997727                    /usr/lib/x86_64-linux-gnu/libpthread.so.0
72c101ac3000-72c101ac4000 rw-p 00003000 08:03 7997727                    /usr/lib/x86_64-linux-gnu/libpthread.so.0
72c101ac4000-72c101ac5000 ---p 00000000 00:00 0 
72c101ac5000-72c101ac6000 r--p 00000000 00:00 0 
72c101ac6000-72c101ac8000 r--p 00000000 08:03 8791645                    /usr/lib/jvm/java-17-openjdk-amd64/lib/libjimage.so
72c101ac8000-72c101acb000 r-xp 00002000 08:03 8791645                    /usr/lib/jvm/java-17-openjdk-amd64/lib/libjimage.so
72c101acb000-72c101acc000 r--p 00005000 08:03 8791645                    /usr/lib/jvm/java-17-openjdk-amd64/lib/libjimage.so
72c101acc000-72c101acd000 ---p 00006000 08:03 8791645                    /usr/lib/jvm/java-17-openjdk-amd64/lib/libjimage.so
72c101acd000-72c101ace000 r--p 00006000 08:03 8791645                    /usr/lib/jvm/java-17-openjdk-amd64/lib/libjimage.so
72c101ace000-72c101acf000 rw-p 00007000 08:03 8791645                    /usr/lib/jvm/java-17-openjdk-amd64/lib/libjimage.so
72c101acf000-72c101ad1000 rw-p 00000000 00:00 0 
72c101ad1000-72c101ad3000 r--p 00000000 08:03 7997680                    /usr/lib/x86_64-linux-gnu/ld-linux-x86-64.so.2
72c101ad3000-72c101afd000 r-xp 00002000 08:03 7997680                    /usr/lib/x86_64-linux-gnu/ld-linux-x86-64.so.2
72c101afd000-72c101b08000 r--p 0002c000 08:03 7997680                    /usr/lib/x86_64-linux-gnu/ld-linux-x86-64.so.2
72c101b08000-72c101b09000 ---p 00000000 00:00 0 
72c101b09000-72c101b0b000 r--p 00037000 08:03 7997680                    /usr/lib/x86_64-linux-gnu/ld-linux-x86-64.so.2
72c101b0b000-72c101b0d000 rw-p 00039000 08:03 7997680                    /usr/lib/x86_64-linux-gnu/ld-linux-x86-64.so.2
7ffd08c9b000-7ffd08cbd000 rw-p 00000000 00:00 0                          [stack]
7ffd08cc6000-7ffd08cca000 r--p 00000000 00:00 0                          [vvar]
7ffd08cca000-7ffd08ccc000 r-xp 00000000 00:00 0                          [vdso]
ffffffffff600000-ffffffffff601000 --xp 00000000 00:00 0                  [vsyscall]


VM Arguments:
jvm_args: --add-opens=java.base/java.lang=ALL-UNNAMED --add-opens=java.base/java.lang.invoke=ALL-UNNAMED --add-opens=java.base/java.util=ALL-UNNAMED --add-opens=java.prefs/java.util.prefs=ALL-UNNAMED --add-exports=jdk.compiler/com.sun.tools.javac.api=ALL-UNNAMED --add-exports=jdk.compiler/com.sun.tools.javac.util=ALL-UNNAMED --add-opens=java.base/java.util=ALL-UNNAMED --add-opens=java.prefs/java.util.prefs=ALL-UNNAMED --add-opens=java.base/java.nio.charset=ALL-UNNAMED --add-opens=java.base/java.net=ALL-UNNAMED --add-opens=java.base/java.util.concurrent.atomic=ALL-UNNAMED --add-opens=java.xml/javax.xml.namespace=ALL-UNNAMED -Xmx1024m -Dfile.encoding=UTF-8 -Duser.country=US -Duser.language=en -Duser.variant -javaagent:/home/indra/.gradle/wrapper/dists/gradle-8.13-bin/5xuhj0ry160q40clulazy9h7d/gradle-8.13/lib/agents/gradle-instrumentation-agent-8.13.jar 
java_command: org.gradle.launcher.daemon.bootstrap.GradleDaemon 8.13
java_class_path (initial): /home/indra/.gradle/wrapper/dists/gradle-8.13-bin/5xuhj0ry160q40clulazy9h7d/gradle-8.13/lib/gradle-daemon-main-8.13.jar
Launcher Type: SUN_STANDARD

[Global flags]
     intx CICompilerCount                          = 2                                         {product} {ergonomic}
     uint ConcGCThreads                            = 1                                         {product} {ergonomic}
     uint G1ConcRefinementThreads                  = 2                                         {product} {ergonomic}
   size_t G1HeapRegionSize                         = 1048576                                   {product} {ergonomic}
    uintx GCDrainStackTargetSize                   = 64                                        {product} {ergonomic}
   size_t InitialHeapSize                          = 130023424                                 {product} {ergonomic}
   size_t MarkStackSize                            = 4194304                                   {product} {ergonomic}
   size_t MaxHeapSize                              = 1073741824                                {product} {command line}
   size_t MaxNewSize                               = 643825664                                 {product} {ergonomic}
   size_t MinHeapDeltaBytes                        = 1048576                                   {product} {ergonomic}
   size_t MinHeapSize                              = 8388608                                   {product} {ergonomic}
    uintx NonNMethodCodeHeapSize                   = 5826188                                {pd product} {ergonomic}
    uintx NonProfiledCodeHeapSize                  = 122916026                              {pd product} {ergonomic}
    uintx ProfiledCodeHeapSize                     = 122916026                              {pd product} {ergonomic}
    uintx ReservedCodeCacheSize                    = 251658240                              {pd product} {ergonomic}
     bool SegmentedCodeCache                       = true                                      {product} {ergonomic}
   size_t SoftMaxHeapSize                          = 1073741824                             {manageable} {ergonomic}
     bool UseCompressedClassPointers               = true                           {product lp64_product} {ergonomic}
     bool UseCompressedOops                        = true                           {product lp64_product} {ergonomic}
     bool UseG1GC                                  = true                                      {product} {ergonomic}

Logging:
Log output configuration:
 #0: stdout all=warning uptime,level,tags
 #1: stderr all=off uptime,level,tags

Environment Variables:
PATH=/home/indra/fvm/bin:/usr/local/sbin:/usr/local/bin:/usr/sbin:/usr/bin:/sbin:/bin:/usr/games:/usr/local/games:/snap/bin:/home/indra/flutter/bin
SHELL=/bin/bash
DISPLAY=:0.0
LANG=en_US.UTF-8
TERM=xterm-256color

Active Locale:
LC_ALL=en_US.UTF-8
LC_COLLATE=en_US.UTF-8
LC_CTYPE=en_US.UTF-8
LC_MESSAGES=en_US.UTF-8
LC_MONETARY=en_US.UTF-8
LC_NUMERIC=en_US.UTF-8
LC_TIME=en_US.UTF-8

Signal Handlers:
   SIGSEGV: crash_handler in libjvm.so, mask=11100100010111111101111111111110, flags=SA_RESTART|SA_SIGINFO, unblocked
    SIGBUS: crash_handler in libjvm.so, mask=11100100010111111101111111111110, flags=SA_RESTART|SA_SIGINFO, unblocked
    SIGFPE: crash_handler in libjvm.so, mask=11100100010111111101111111111110, flags=SA_RESTART|SA_SIGINFO, unblocked
   SIGPIPE: javaSignalHandler in libjvm.so, mask=11100100010111111101111111111110, flags=SA_RESTART|SA_SIGINFO, blocked
   SIGXFSZ: javaSignalHandler in libjvm.so, mask=11100100010111111101111111111110, flags=SA_RESTART|SA_SIGINFO, blocked
    SIGILL: crash_handler in libjvm.so, mask=11100100010111111101111111111110, flags=SA_RESTART|SA_SIGINFO, unblocked
   SIGUSR2: SR_handler in libjvm.so, mask=00000000000000000000000000000000, flags=SA_RESTART|SA_SIGINFO, blocked
    SIGHUP: UserHandler in libjvm.so, mask=11100100010111111101111111111110, flags=SA_RESTART|SA_SIGINFO, blocked
    SIGINT: UserHandler in libjvm.so, mask=11100100010111111101111111111110, flags=SA_RESTART|SA_SIGINFO, blocked
   SIGTERM: UserHandler in libjvm.so, mask=11100100010111111101111111111110, flags=SA_RESTART|SA_SIGINFO, blocked
   SIGQUIT: UserHandler in libjvm.so, mask=11100100010111111101111111111110, flags=SA_RESTART|SA_SIGINFO, blocked
   SIGTRAP: crash_handler in libjvm.so, mask=11100100010111111101111111111110, flags=SA_RESTART|SA_SIGINFO, unblocked


Periodic native trim disabled


---------------  S Y S T E M  ---------------

OS:
DISTRIB_ID=Ubuntu
DISTRIB_RELEASE=22.04
DISTRIB_CODENAME=jammy
DISTRIB_DESCRIPTION="Ubuntu 22.04.5 LTS"
uname: Linux 6.8.0-124-generic #124~22.04.1-Ubuntu SMP PREEMPT_DYNAMIC Tue May 26 21:05:19 UTC  x86_64
OS uptime: 0 days 15:16 hours
libc: glibc 2.35 NPTL 2.35 
rlimit (soft/hard): STACK 8192k/infinity , CORE 0k/infinity , NPROC 31066/31066 , NOFILE 1048576/1048576 , AS infinity/infinity , CPU infinity/infinity , DATA infinity/infinity , FSIZE infinity/infinity , MEMLOCK 1004936k/1004936k
load average: 13.08 11.45 9.05

/proc/meminfo:
MemTotal:        8039516 kB
MemFree:         1500396 kB
MemAvailable:    4352640 kB
Buffers:          120416 kB
Cached:          2886224 kB
SwapCached:        79872 kB
Active:          4162432 kB
Inactive:        1715516 kB
Active(anon):    2827812 kB
Inactive(anon):   199472 kB
Active(file):    1334620 kB
Inactive(file):  1516044 kB
Unevictable:       92384 kB
Mlocked:              64 kB
SwapTotal:       2097148 kB
SwapFree:        1196460 kB
Zswap:                 0 kB
Zswapped:              0 kB
Dirty:              4136 kB
Writeback:             0 kB
AnonPages:       2951476 kB
Mapped:          1016240 kB
Shmem:            155976 kB
KReclaimable:     305168 kB
Slab:             439320 kB
SReclaimable:     305168 kB
SUnreclaim:       134152 kB
KernelStack:       10080 kB
PageTables:        36352 kB
SecPageTables:         0 kB
NFS_Unstable:          0 kB
Bounce:                0 kB
WritebackTmp:          0 kB
CommitLimit:     6116904 kB
Committed_AS:    9836952 kB
VmallocTotal:   34359738367 kB
VmallocUsed:       35928 kB
VmallocChunk:          0 kB
Percpu:             1432 kB
HardwareCorrupted:     0 kB
AnonHugePages:         0 kB
ShmemHugePages:        0 kB
ShmemPmdMapped:        0 kB
FileHugePages:         0 kB
FilePmdMapped:         0 kB
Unaccepted:            0 kB
HugePages_Total:       0
HugePages_Free:        0
HugePages_Rsvd:        0
HugePages_Surp:        0
Hugepagesize:       2048 kB
Hugetlb:               0 kB
DirectMap4k:      150184 kB
DirectMap2M:     8144896 kB

/sys/kernel/mm/transparent_hugepage/enabled: always [madvise] never
/sys/kernel/mm/transparent_hugepage/hpage_pmd_size: 2097152
/sys/kernel/mm/transparent_hugepage/defrag (defrag/compaction efforts parameter): always defer defer+madvise [madvise] never

Process Memory:
Virtual Size: 3701360K (peak: 3726788K)
Resident Set Size: 428376K (peak: 428376K) (anon: 403092K, file: 25284K, shmem: 0K)
Swapped out: 0K
C-Heap outstanding allocations: 98721K, retained: 8658K
glibc malloc tunables: (default)

/proc/sys/kernel/threads-max (system-wide limit on the number of threads): 62132
/proc/sys/vm/max_map_count (maximum number of memory map areas a process may have): 65530
/proc/sys/vm/swappiness (control to define how aggressively the kernel swaps out anonymous memory): 60
/proc/sys/kernel/pid_max (system-wide limit on number of process identifiers): 4194304

container (cgroup) information:
container_type: cgroupv2
cpu_cpuset_cpus: not supported
cpu_memory_nodes: not supported
active_processor_count: 2
cpu_quota: not supported
cpu_period: not supported
cpu_shares: not supported
memory_limit_in_bytes: unlimited
memory_and_swap_limit_in_bytes: unlimited
memory_soft_limit_in_bytes: 0
memory_usage_in_bytes: 5293844 k
memory_max_usage_in_bytes: not supported
rss_usage_in_bytes: 2787148 k
cache_usage_in_bytes: 2384584 k
memory_swap_current_in_bytes: 529676 k
memory_swap_max_limit_in_bytes: unlimited
maximum number of tasks: unlimited
current number of tasks: 309

Steal ticks since vm start: 0
Steal ticks percentage since vm start:  0.000

CPU: total 2 (initial active 2) (2 cores per cpu, 1 threads per core) family 6 model 42 stepping 7 microcode 0x2f, cx8, cmov, fxsr, mmx, sse, sse2, sse3, ssse3, sse4.1, sse4.2, popcnt, tsc, tscinvbit, clmul, clflush
CPU Model and flags from /proc/cpuinfo:
model name	: Intel(R) Celeron(R) CPU B815 @ 1.60GHz
flags		: fpu vme de pse tsc msr pae mce cx8 apic sep mtrr pge mca cmov pat pse36 clflush dts acpi mmx fxsr sse sse2 ht tm pbe syscall nx rdtscp lm constant_tsc arch_perfmon pebs bts rep_good nopl xtopology nonstop_tsc cpuid aperfmperf pni pclmulqdq dtes64 monitor ds_cpl vmx est tm2 ssse3 cx16 xtpr pdcm pcid sse4_1 sse4_2 x2apic popcnt tsc_deadline_timer xsave lahf_lm epb pti ssbd ibrs ibpb stibp tpr_shadow flexpriority ept vpid xsaveopt dtherm arat pln pts vnmi md_clear flush_l1d ibpb_exit_to_user

Online cpus: 0-1
Offline cpus: 
BIOS frequency limitation: <Not Available>
Frequency switch latency (ns): 20000
Available cpu frequencies: <Not Available>
Current governor: schedutil
Core performance/turbo boost: <Not Available>

Memory: 4k page, physical 8039516k(1500396k free), swap 2097148k(1196460k free)
Page Sizes: 4k

vm_info: OpenJDK 64-Bit Server VM (17.0.19+10-1-22.04.2-Ubuntu) for linux-amd64 JRE (17.0.19+10-1-22.04.2-Ubuntu), built on Apr 26 2026 12:32:24 by "buildd" with gcc 11.4.0

END.
